-- phpMyAdmin SQL Dump
-- version 4.9.5
-- https://www.phpmyadmin.net/
--
-- Host: localhost:3306
-- Generation Time: Jun 15, 2021 at 05:23 AM
-- Server version: 10.3.27-MariaDB-cll-lve
-- PHP Version: 7.3.28

SET SQL_MODE = "NO_AUTO_VALUE_ON_ZERO";
SET AUTOCOMMIT = 0;
START TRANSACTION;
SET time_zone = "+00:00";


/*!40101 SET @OLD_CHARACTER_SET_CLIENT=@@CHARACTER_SET_CLIENT */;
/*!40101 SET @OLD_CHARACTER_SET_RESULTS=@@CHARACTER_SET_RESULTS */;
/*!40101 SET @OLD_COLLATION_CONNECTION=@@COLLATION_CONNECTION */;
/*!40101 SET NAMES utf8mb4 */;

--
-- Database: `vesengrc_hms`
--

-- --------------------------------------------------------

--
-- Table structure for table `attendance`
--

CREATE TABLE `attendance` (
  `id` int(11) NOT NULL,
  `employee_id` int(20) NOT NULL,
  `log_type` tinyint(1) NOT NULL COMMENT '1 = AM IN,2 = AM out, 3= PM IN, 4= PM out\r\n',
  `hallid` int(11) NOT NULL,
  `userid` int(11) NOT NULL,
  `datetime_log` datetime NOT NULL DEFAULT current_timestamp(),
  `date_updated` datetime NOT NULL DEFAULT current_timestamp() ON UPDATE current_timestamp()
) ENGINE=InnoDB DEFAULT CHARSET=latin1;

--
-- Dumping data for table `attendance`
--

INSERT INTO `attendance` (`id`, `employee_id`, `log_type`, `hallid`, `userid`, `datetime_log`, `date_updated`) VALUES
(8, 5, 1, 1, 6, '2021-05-28 10:00:00', '2021-05-31 00:33:12'),
(9, 6, 1, 1, 6, '2021-05-28 10:00:00', '2021-05-31 00:33:28'),
(10, 9, 1, 1, 6, '2021-05-28 08:00:00', '2021-05-31 00:33:36'),
(18, 15, 1, 2, 8, '2021-05-31 08:00:00', '2021-05-31 01:56:01'),
(19, 15, 4, 2, 8, '2021-05-31 16:00:00', '2021-05-31 01:56:01'),
(34, 15, 1, 2, 8, '2021-06-10 12:00:00', '2021-06-10 00:08:16'),
(35, 15, 2, 2, 8, '2021-06-10 03:00:00', '2021-06-10 00:08:16');

-- --------------------------------------------------------

--
-- Table structure for table `booked_packages`
--

CREATE TABLE `booked_packages` (
  `id` int(10) NOT NULL,
  `pkg_id` int(10) NOT NULL,
  `pkg_name` varchar(100) NOT NULL,
  `pkg_cost` int(6) NOT NULL,
  `qty_pkg` varchar(6) NOT NULL,
  `pkg_desc` text NOT NULL,
  `booking_id` int(6) NOT NULL,
  `return_amnt` int(11) NOT NULL,
  `return_qty` int(11) NOT NULL,
  `hall_code` int(6) NOT NULL,
  `userCode` int(11) NOT NULL,
  `included` varchar(15) NOT NULL,
  `datetime` timestamp NOT NULL DEFAULT current_timestamp()
) ENGINE=InnoDB DEFAULT CHARSET=utf8mb4;

--
-- Dumping data for table `booked_packages`
--

INSERT INTO `booked_packages` (`id`, `pkg_id`, `pkg_name`, `pkg_cost`, `qty_pkg`, `pkg_desc`, `booking_id`, `return_amnt`, `return_qty`, `hall_code`, `userCode`, `included`, `datetime`) VALUES
(2, 8, 'Entry-Follow Light', 10000, '1', '', 23, 0, 0, 1, 6, 'included', '2021-06-05 10:26:26'),
(3, 10, 'Mineral Water', 2000, '1', '', 23, 0, 0, 1, 6, 'included', '2021-06-05 10:26:26'),
(4, 16, 'Fresh Flowers', 10000, '1', '', 23, 0, 0, 1, 6, 'included', '2021-06-05 10:29:22'),
(5, 16, 'Fresh Flowers', 10000, '1', '', 48, 0, 0, 1, 6, 'included', '2021-06-05 10:31:54'),
(6, 10, 'Mineral Water', 3000, '1', '', 48, 0, 0, 1, 6, 'included', '2021-06-05 10:31:54'),
(7, 8, 'Entry-Follow Light', 10000, '1', '', 48, 0, 0, 1, 6, 'included', '2021-06-05 10:31:54'),
(8, 9, 'Background-Sound System', 10000, '1', '', 48, 0, 0, 1, 6, 'included', '2021-06-05 10:31:54'),
(9, 9, 'Background-Sound System', 10000, '1', '', 23, 0, 0, 1, 6, 'included', '2021-06-05 10:32:15'),
(10, 16, 'Fresh Flowers', 10000, '1', '', 49, 0, 0, 1, 3, 'included', '2021-06-05 10:44:59'),
(13, 10, 'Mineral Water', 2500, '1', '', 49, 0, 0, 1, 6, 'included', '2021-06-05 11:03:54'),
(14, 8, 'Entry-Follow Light', 10000, '1', '', 49, 0, 0, 1, 6, 'included', '2021-06-05 11:07:42'),
(15, 9, 'Background-Sound System', 10000, '1', '', 49, 0, 0, 1, 6, 'included', '2021-06-05 11:07:42'),
(16, 10, 'Mineral Water', 3000, '1', '', 50, 0, 0, 1, 6, 'included', '2021-06-05 11:12:43'),
(17, 8, 'Entry-Follow Light', 10000, '1', '', 50, 0, 0, 1, 6, 'included', '2021-06-05 11:12:43'),
(18, 9, 'Background-Sound System', 10000, '1', '', 50, 0, 0, 1, 6, 'included', '2021-06-05 11:12:43'),
(19, 9, 'Background-Sound System', 10000, '1', '', 51, 0, 0, 1, 6, 'included', '2021-06-05 11:19:06'),
(20, 8, 'Entry-Follow Light', 10000, '1', '', 51, 0, 0, 1, 6, 'included', '2021-06-05 11:19:06'),
(21, 10, 'Mineral Water', 3000, '1', '', 51, 0, 0, 1, 6, 'included', '2021-06-05 11:19:06'),
(22, 16, 'Fresh Flowers', 10000, '1', '', 51, 0, 0, 1, 6, 'included', '2021-06-05 11:19:06'),
(24, 8, 'Entry-Follow Light', 10000, '1', '', 45, 0, 0, 1, 6, 'included', '2021-06-05 11:30:37'),
(25, 9, 'Background-Sound System', 10000, '1', '', 45, 0, 0, 1, 6, 'included', '2021-06-05 11:30:37'),
(26, 10, 'Mineral Water', 3000, '1', '', 45, 0, 0, 1, 6, 'included', '2021-06-05 11:30:37'),
(27, 8, 'Entry-Follow Light', 10000, '1', '', 52, 0, 0, 1, 6, 'included', '2021-06-05 11:41:25'),
(28, 8, 'Entry-Follow Light', 10000, '1', '', 52, 0, 0, 1, 6, 'included', '2021-06-05 11:41:26'),
(29, 10, 'Mineral Water', 2000, '1', '', 52, 0, 0, 1, 6, 'included', '2021-06-05 11:41:26'),
(30, 8, 'Entry-Follow Light', 10000, '1', '', 37, 0, 0, 1, 6, 'included', '2021-06-05 11:45:43'),
(31, 9, 'Background-Sound System', 10000, '1', '', 37, 0, 0, 1, 6, 'included', '2021-06-05 11:45:43'),
(32, 10, 'Mineral Water', 2000, '1', '', 37, 0, 0, 1, 6, 'included', '2021-06-05 11:45:43'),
(33, 16, 'Fresh Flowers', 8000, '1', '', 37, 0, 0, 1, 6, 'included', '2021-06-05 11:45:43'),
(34, 8, 'Entry-Follow Light', 10000, '1', '', 38, 0, 0, 1, 6, 'included', '2021-06-05 11:46:52'),
(35, 9, 'Background-Sound System', 10000, '1', '', 38, 0, 0, 1, 6, 'included', '2021-06-05 11:46:52'),
(36, 10, 'Mineral Water', 2000, '1', '', 38, 0, 0, 1, 6, 'included', '2021-06-05 11:47:16');

-- --------------------------------------------------------

--
-- Table structure for table `bookingpay`
--

CREATE TABLE `bookingpay` (
  `Payid` int(11) NOT NULL,
  `booking_no` int(11) NOT NULL,
  `partial_payments` int(11) DEFAULT NULL,
  `payment_date` timestamp NOT NULL DEFAULT current_timestamp(),
  `hallCode` int(11) NOT NULL,
  `userCode` int(11) NOT NULL
) ENGINE=InnoDB DEFAULT CHARSET=utf8mb4 COLLATE=utf8mb4_unicode_ci;

-- --------------------------------------------------------

--
-- Table structure for table `bookings`
--

CREATE TABLE `bookings` (
  `booking_id` int(11) NOT NULL,
  `bookingDate` date DEFAULT NULL,
  `eventDate` date DEFAULT NULL,
  `hijriDate` varchar(50) DEFAULT NULL,
  `eventDay` varchar(10) DEFAULT NULL,
  `personName` varchar(50) DEFAULT NULL,
  `personAddress` varchar(100) DEFAULT NULL,
  `personContact` varchar(50) DEFAULT NULL,
  `personCinc` varchar(20) DEFAULT NULL,
  `personEmail` varchar(20) DEFAULT NULL,
  `eventShift` varchar(10) DEFAULT NULL,
  `hallportion` varchar(5) DEFAULT NULL,
  `bookingAmount` int(11) DEFAULT NULL,
  `advanceAmount` int(11) DEFAULT NULL,
  `totalPrice` varchar(20) DEFAULT NULL,
  `totalGuest` int(11) DEFAULT NULL,
  `remarks` text NOT NULL,
  `eventName` varchar(50) DEFAULT NULL,
  `currentTime` timestamp NOT NULL DEFAULT current_timestamp() ON UPDATE current_timestamp(),
  `status` varchar(11) NOT NULL,
  `userCode` int(11) NOT NULL,
  `hall_code` int(11) NOT NULL,
  `cashIn_Status` int(2) NOT NULL
) ENGINE=InnoDB DEFAULT CHARSET=utf8mb4;

--
-- Dumping data for table `bookings`
--

INSERT INTO `bookings` (`booking_id`, `bookingDate`, `eventDate`, `hijriDate`, `eventDay`, `personName`, `personAddress`, `personContact`, `personCinc`, `personEmail`, `eventShift`, `hallportion`, `bookingAmount`, `advanceAmount`, `totalPrice`, `totalGuest`, `remarks`, `eventName`, `currentTime`, `status`, `userCode`, `hall_code`, `cashIn_Status`) VALUES
(23, '2021-06-01', '2021-06-26', 'not available', 'Saturday', 'Moiz Abid', 'House R61 Sector 15-B Buffer zone', '0346 270 4658 / 0349 396 1005', '42101-8916480-3', '', 'evening', 'a', 102000, 20000, '', 350, 'this date is moved from 24-05-2021 to 26-06-2021', 'Wedding', '2021-06-05 10:44:00', '', 6, 1, 0),
(27, '2021-06-02', '2021-06-26', '16-ذوالقعدة-1442', 'Saturday', 'AHMED', 'R1152', '0321223344', '', '', 'evening', 'a', 120000, 10000, '0', 500, '', 'birthday party', '2021-06-05 09:54:41', 'deactivate', 2, 1, 0),
(36, '2021-06-03', '2021-10-15', '08-رَبيع الأوّل-1443', 'Friday', 'sarfaraz', 'house no r.698 sec 15/a 4 bufferzong karachi', '03002515137', '42101.7426068.9', '', 'evening', 'a', 100000, 10000, '0', 300, '', 'wedding', '2021-06-04 06:36:25', '', 2, 1, 1),
(37, '2021-06-03', '2021-10-01', '23-صَفَر-1443', 'Friday', 'ifti khan', '111/block 13 sec 5d north karachi', '03222313043 - 03492569880', '', '', 'evening', 'a', 80000, 15000, '', 300, 'DOB: 25-03-2021', 'valima - wedding', '2021-06-05 11:45:04', '', 2, 1, 0),
(38, '2021-06-03', '2021-10-02', '24-صَفَر-1443', 'Saturday', 'imran', 'house no 277 sec 15.b bufferzong karachi', '03312619181 - 03159161209', '', '', 'evening', 'a', 72000, 10000, '', 400, 'DOB: 09-03-2021', 'wedding', '2021-06-05 11:46:20', '', 2, 1, 0),
(39, '2021-06-03', '2021-10-07', '29-صَفَر-1443', 'Thursday', 'asim', 'r16.block 18 fb rean karachi', '03152398210 - 03101006734', '', '', 'evening', 'a', 90000, 10000, '0', 300, 'discount date for ahemd bhai 40000', 'wedding', '2021-06-03 17:19:42', '', 2, 1, 0),
(40, '2021-06-04', '2021-04-18', '06-رَمَضان-1442', 'Monday', 'khuirram jalil khan', 'gulshan e millat karachi', '03212616292', '421011836271', 'KHURRAM_KS2@HOTMAIL.', 'evening', 'a', 100000, 0, '0', 300, '', 'NIKHA', '2021-06-04 13:55:30', '', 1, 1, 0),
(41, '2021-06-04', '2021-04-20', '08-رَمَضان-1442', 'Wednesday', 'khuirram', 'shadman town n karachi', '03212616292', '421011836271', 'KHURRAM_KS2@HOTMAIL.', 'evening', 'a', 120000, 0, '0', 300, '', '', '2021-06-04 14:02:18', '', 1, 1, 0),
(42, '2021-06-04', '2021-04-19', '07-رَمَضان-1442', 'Tuesday', 'ahmed', 'shadman town n. karachi', '03212616292', '421011836271', 'KHURRAM_KS2@HOTMAIL.', 'evening', 'a', 90000, 0, '0', 300, '', 'birthday party', '2021-06-04 14:09:04', '', 1, 1, 0),
(43, '2021-06-04', '2021-04-21', '09-رَمَضان-1442', 'Thursday', 'khuirram', 'gulshane millat', '03212616292', '421011836271', 'KHURRAM_KS2@HOTMAIL.', 'evening', 'a', 120000, 0, '0', 300, '', '', '2021-06-04 14:09:42', '', 1, 1, 0),
(44, '2021-06-04', '2021-04-22', '10-رَمَضان-1442', 'Friday', 'khuirram', 'shadman town north karachi', '03212616292', '421011836271', 'KHURRAM_KS2@HOTMAIL.', 'evening', 'a', 125000, 0, '0', 300, '', 'VALIMA', '2021-06-04 14:26:26', '', 1, 1, 0),
(45, '2021-06-04', '2021-09-05', 'not available', 'Monday', 'Mohd. Noor ul Haq', 'Taiser town 50/C ', '03022199570', '4220104331185', '', 'evening', 'a', 80000, 15000, '', 600, 'he request for baggi specialluy.... bagggi price 10000 quoted.    ', 'Shadi', '2021-06-05 11:37:19', '', 1, 1, 0),
(48, '2021-06-05', '2021-06-27', '17-ذوالقعدة-1442', 'Sunday', 'Muhammad Yahya', '3g 10#3, Naaz karachi', '03002711790 - 03333172896', '', '', 'evening', 'a', 100000, 15000, '', 350, 'DOB: 06-04-2021', 'Valima', '2021-06-05 09:59:22', '', 6, 1, 1),
(49, '2021-06-05', '2021-08-01', '22-ذوالحجة-1442', 'Monday', 'Faisal', 'B321 Block N, North Nazimabad Karachi', '03233130054 - 03008264355', '', '', 'evening', 'a', 122500, 20000, '', 300, 'DOB: 22-03-2021', 'Wedding', '2021-06-05 11:06:55', '', 6, 1, 0),
(50, '2021-06-05', '2021-08-25', '16-مُحَرَّم-1443', 'Thursday', 'Zawar', 'L75 Sector 5C-2, North Karachi', '03112867678 - 03362807652', '', '', 'evening', 'a', 67000, 20000, '', 300, 'DOB: 19-05-2021', 'Wedding / Vallima', '2021-06-05 11:11:39', '', 6, 1, 0),
(51, '2021-06-05', '2021-08-28', '19-مُحَرَّم-1443', '', 'Imran', 'R332 Sector 15A-2, Bufferzone Karachi', '03132205226', '', '', 'evening', 'a', 72000, 15000, '', 400, 'DOB: 10-02-2021', 'Wedding', '2021-06-05 11:18:28', '', 6, 1, 0),
(52, '2021-06-05', '2021-09-19', '11-صَفَر-1443', 'Monday', 'Asif', 'House# 12 street 3 Sector L1 Surjani town', '03413141567 - 03212475189', '', '', 'evening', 'a', 72000, 20000, '', 300, 'DOB: 22-03-2021', 'Valima', '2021-06-05 11:40:47', '', 6, 1, 0);

-- --------------------------------------------------------

--
-- Table structure for table `bookingtarget`
--

CREATE TABLE `bookingtarget` (
  `BTid` int(11) NOT NULL,
  `target_date` varchar(255) DEFAULT NULL,
  `selectHall` varchar(10) NOT NULL,
  `selectShift` varchar(10) NOT NULL,
  `target_price` int(11) DEFAULT NULL,
  `owner_id` int(11) DEFAULT NULL,
  `hall_code` int(11) DEFAULT NULL
) ENGINE=InnoDB DEFAULT CHARSET=utf8mb4;

--
-- Dumping data for table `bookingtarget`
--

INSERT INTO `bookingtarget` (`BTid`, `target_date`, `selectHall`, `selectShift`, `target_price`, `owner_id`, `hall_code`) VALUES
(1, '2021-06-01', 'a', 'evening', 140000, 5, 1),
(2, '2021-06-02', 'a', 'evening', 140000, 5, 1),
(3, '2021-06-03', 'a', 'evening', 140000, 5, 1),
(4, '2021-06-04', 'a', 'evening', 140000, 5, 1),
(5, '2021-06-05', 'a', 'evening', 140000, 5, 1),
(6, '2021-06-06', 'a', 'evening', 140000, 5, 1),
(7, '2021-06-07', 'a', 'evening', 140000, 5, 1),
(8, '2021-06-08', 'a', 'evening', 140000, 5, 1),
(9, '2021-06-09', 'a', 'evening', 140000, 5, 1),
(10, '2021-06-10', 'a', 'evening', 140000, 5, 1),
(11, '2021-06-11', 'a', 'evening', 140000, 5, 1),
(12, '2021-06-12', 'a', 'evening', 140000, 5, 1),
(13, '2021-06-13', 'a', 'evening', 140000, 5, 1),
(14, '2021-06-14', 'a', 'evening', 140000, 5, 1),
(15, '2021-06-15', 'a', 'evening', 140000, 5, 1),
(16, '2021-06-16', 'a', 'evening', 140000, 5, 1),
(17, '2021-06-17', 'a', 'evening', 140000, 5, 1),
(18, '2021-06-18', 'a', 'evening', 140000, 5, 1),
(19, '2021-06-19', 'a', 'evening', 140000, 5, 1),
(20, '2021-06-20', 'a', 'evening', 140000, 5, 1),
(21, '2021-06-21', 'a', 'evening', 140000, 5, 1),
(22, '2021-06-22', 'a', 'evening', 140000, 5, 1),
(23, '2021-06-23', 'a', 'evening', 140000, 5, 1),
(24, '2021-06-24', 'a', 'evening', 140000, 5, 1),
(25, '2021-06-25', 'a', 'evening', 140000, 5, 1),
(26, '2021-06-26', 'a', 'evening', 140000, 5, 1),
(27, '2021-06-27', 'a', 'evening', 140000, 5, 1),
(28, '2021-06-28', 'a', 'evening', 140000, 5, 1),
(29, '2021-06-29', 'a', 'evening', 140000, 5, 1),
(30, '2021-06-30', 'a', 'evening', 140000, 5, 1),
(31, '2021-07-01', 'a', 'evening', 140000, 5, 1),
(32, '2021-07-02', 'a', 'evening', 140000, 5, 1),
(33, '2021-07-03', 'a', 'evening', 140000, 5, 1),
(34, '2021-07-04', 'a', 'evening', 140000, 5, 1),
(35, '2021-07-05', 'a', 'evening', 140000, 5, 1),
(36, '2021-07-06', 'a', 'evening', 140000, 5, 1),
(37, '2021-07-07', 'a', 'evening', 140000, 5, 1),
(38, '2021-07-08', 'a', 'evening', 140000, 5, 1),
(39, '2021-07-09', 'a', 'evening', 140000, 5, 1),
(40, '2021-07-10', 'a', 'evening', 140000, 5, 1),
(41, '2021-07-11', 'a', 'evening', 140000, 5, 1),
(42, '2021-07-12', 'a', 'evening', 140000, 5, 1),
(43, '2021-07-13', 'a', 'evening', 140000, 5, 1),
(44, '2021-07-14', 'a', 'evening', 140000, 5, 1),
(45, '2021-07-15', 'a', 'evening', 140000, 5, 1),
(46, '2021-07-16', 'a', 'evening', 140000, 5, 1),
(47, '2021-07-17', 'a', 'evening', 140000, 5, 1),
(48, '2021-07-18', 'a', 'evening', 140000, 5, 1),
(49, '2021-07-19', 'a', 'evening', 140000, 5, 1),
(50, '2021-07-20', 'a', 'evening', 140000, 5, 1),
(51, '2021-07-21', 'a', 'evening', 140000, 5, 1),
(52, '2021-07-22', 'a', 'evening', 140000, 5, 1),
(53, '2021-07-23', 'a', 'evening', 140000, 5, 1),
(54, '2021-07-24', 'a', 'evening', 140000, 5, 1),
(55, '2021-07-25', 'a', 'evening', 140000, 5, 1),
(56, '2021-07-26', 'a', 'evening', 140000, 5, 1),
(57, '2021-07-27', 'a', 'evening', 140000, 5, 1),
(58, '2021-07-28', 'a', 'evening', 140000, 5, 1),
(59, '2021-07-29', 'a', 'evening', 140000, 5, 1),
(60, '2021-07-30', 'a', 'evening', 140000, 5, 1),
(61, '2021-07-31', 'a', 'evening', 140000, 5, 1),
(62, '2021-08-01', 'a', 'evening', 140000, 5, 1),
(63, '2021-08-02', 'a', 'evening', 140000, 5, 1),
(64, '2021-08-03', 'a', 'evening', 140000, 5, 1),
(65, '2021-08-04', 'a', 'evening', 140000, 5, 1),
(66, '2021-08-05', 'a', 'evening', 140000, 5, 1),
(67, '2021-08-06', 'a', 'evening', 140000, 5, 1),
(68, '2021-08-07', 'a', 'evening', 140000, 5, 1),
(69, '2021-08-08', 'a', 'evening', 140000, 5, 1),
(70, '2021-08-09', 'a', 'evening', 140000, 5, 1),
(71, '2021-08-10', 'a', 'evening', 140000, 5, 1),
(72, '2021-08-11', 'a', 'evening', 140000, 5, 1),
(73, '2021-08-12', 'a', 'evening', 140000, 5, 1),
(74, '2021-08-13', 'a', 'evening', 140000, 5, 1),
(75, '2021-08-14', 'a', 'evening', 140000, 5, 1),
(76, '2021-08-15', 'a', 'evening', 140000, 5, 1),
(77, '2021-08-16', 'a', 'evening', 140000, 5, 1),
(78, '2021-08-17', 'a', 'evening', 140000, 5, 1),
(79, '2021-08-18', 'a', 'evening', 140000, 5, 1),
(80, '2021-08-19', 'a', 'evening', 140000, 5, 1),
(81, '2021-08-20', 'a', 'evening', 140000, 5, 1),
(82, '2021-08-21', 'a', 'evening', 140000, 5, 1),
(83, '2021-08-22', 'a', 'evening', 140000, 5, 1),
(84, '2021-08-23', 'a', 'evening', 140000, 5, 1),
(85, '2021-08-24', 'a', 'evening', 140000, 5, 1),
(86, '2021-08-25', 'a', 'evening', 140000, 5, 1),
(87, '2021-08-26', 'a', 'evening', 140000, 5, 1),
(88, '2021-08-27', 'a', 'evening', 140000, 5, 1),
(89, '2021-08-28', 'a', 'evening', 140000, 5, 1),
(90, '2021-08-29', 'a', 'evening', 140000, 5, 1),
(91, '2021-08-30', 'a', 'evening', 140000, 5, 1),
(92, '2021-08-31', 'a', 'evening', 140000, 5, 1),
(93, '2021-09-01', 'a', 'evening', 140000, 5, 1),
(94, '2021-09-02', 'a', 'evening', 140000, 5, 1),
(95, '2021-09-03', 'a', 'evening', 140000, 5, 1),
(96, '2021-09-04', 'a', 'evening', 140000, 5, 1),
(97, '2021-09-05', 'a', 'evening', 140000, 5, 1),
(98, '2021-09-06', 'a', 'evening', 140000, 5, 1),
(99, '2021-09-07', 'a', 'evening', 140000, 5, 1),
(100, '2021-09-08', 'a', 'evening', 140000, 5, 1),
(101, '2021-09-09', 'a', 'evening', 140000, 5, 1),
(102, '2021-09-10', 'a', 'evening', 140000, 5, 1),
(103, '2021-09-11', 'a', 'evening', 140000, 5, 1),
(104, '2021-09-12', 'a', 'evening', 140000, 5, 1),
(105, '2021-09-13', 'a', 'evening', 140000, 5, 1),
(106, '2021-09-14', 'a', 'evening', 140000, 5, 1),
(107, '2021-09-15', 'a', 'evening', 140000, 5, 1),
(108, '2021-09-16', 'a', 'evening', 140000, 5, 1),
(109, '2021-09-17', 'a', 'evening', 140000, 5, 1),
(110, '2021-09-18', 'a', 'evening', 140000, 5, 1),
(111, '2021-09-19', 'a', 'evening', 140000, 5, 1),
(112, '2021-09-20', 'a', 'evening', 140000, 5, 1),
(113, '2021-09-21', 'a', 'evening', 140000, 5, 1),
(114, '2021-09-22', 'a', 'evening', 140000, 5, 1),
(115, '2021-09-23', 'a', 'evening', 140000, 5, 1),
(116, '2021-09-24', 'a', 'evening', 140000, 5, 1),
(117, '2021-09-25', 'a', 'evening', 140000, 5, 1),
(118, '2021-09-26', 'a', 'evening', 140000, 5, 1),
(119, '2021-09-27', 'a', 'evening', 140000, 5, 1),
(120, '2021-09-28', 'a', 'evening', 140000, 5, 1),
(121, '2021-09-29', 'a', 'evening', 140000, 5, 1),
(122, '2021-09-30', 'a', 'evening', 140000, 5, 1),
(123, '2021-10-01', 'a', 'evening', 140000, 5, 1),
(124, '2021-10-02', 'a', 'evening', 140000, 5, 1),
(125, '2021-10-03', 'a', 'evening', 140000, 5, 1),
(126, '2021-10-04', 'a', 'evening', 140000, 5, 1),
(127, '2021-10-05', 'a', 'evening', 140000, 5, 1),
(128, '2021-10-06', 'a', 'evening', 140000, 5, 1),
(129, '2021-10-07', 'a', 'evening', 140000, 5, 1),
(130, '2021-10-08', 'a', 'evening', 140000, 5, 1),
(131, '2021-10-09', 'a', 'evening', 140000, 5, 1),
(132, '2021-10-10', 'a', 'evening', 140000, 5, 1),
(133, '2021-10-11', 'a', 'evening', 140000, 5, 1),
(134, '2021-10-12', 'a', 'evening', 140000, 5, 1),
(135, '2021-10-13', 'a', 'evening', 140000, 5, 1),
(136, '2021-10-14', 'a', 'evening', 140000, 5, 1),
(137, '2021-10-15', 'a', 'evening', 140000, 5, 1),
(138, '2021-10-16', 'a', 'evening', 140000, 5, 1),
(139, '2021-10-17', 'a', 'evening', 140000, 5, 1),
(140, '2021-10-18', 'a', 'evening', 140000, 5, 1),
(141, '2021-10-19', 'a', 'evening', 140000, 5, 1),
(142, '2021-10-20', 'a', 'evening', 140000, 5, 1),
(143, '2021-10-21', 'a', 'evening', 140000, 5, 1),
(144, '2021-10-22', 'a', 'evening', 140000, 5, 1),
(145, '2021-10-23', 'a', 'evening', 140000, 5, 1),
(146, '2021-10-24', 'a', 'evening', 140000, 5, 1),
(147, '2021-10-25', 'a', 'evening', 140000, 5, 1),
(148, '2021-10-26', 'a', 'evening', 140000, 5, 1),
(149, '2021-10-27', 'a', 'evening', 140000, 5, 1),
(150, '2021-10-28', 'a', 'evening', 140000, 5, 1),
(151, '2021-10-29', 'a', 'evening', 140000, 5, 1),
(152, '2021-10-30', 'a', 'evening', 140000, 5, 1),
(153, '2021-10-31', 'a', 'evening', 140000, 5, 1),
(154, '2021-11-01', 'a', 'evening', 140000, 5, 1),
(155, '2021-11-02', 'a', 'evening', 140000, 5, 1),
(156, '2021-11-03', 'a', 'evening', 140000, 5, 1),
(157, '2021-11-04', 'a', 'evening', 140000, 5, 1),
(158, '2021-11-05', 'a', 'evening', 140000, 5, 1),
(159, '2021-11-06', 'a', 'evening', 140000, 5, 1),
(160, '2021-11-07', 'a', 'evening', 140000, 5, 1),
(161, '2021-11-08', 'a', 'evening', 140000, 5, 1),
(162, '2021-11-09', 'a', 'evening', 140000, 5, 1),
(163, '2021-11-10', 'a', 'evening', 140000, 5, 1),
(164, '2021-11-11', 'a', 'evening', 140000, 5, 1),
(165, '2021-11-12', 'a', 'evening', 140000, 5, 1),
(166, '2021-11-13', 'a', 'evening', 140000, 5, 1),
(167, '2021-11-14', 'a', 'evening', 140000, 5, 1),
(168, '2021-11-15', 'a', 'evening', 140000, 5, 1),
(169, '2021-11-16', 'a', 'evening', 140000, 5, 1),
(170, '2021-11-17', 'a', 'evening', 140000, 5, 1),
(171, '2021-11-18', 'a', 'evening', 140000, 5, 1),
(172, '2021-11-19', 'a', 'evening', 140000, 5, 1),
(173, '2021-11-20', 'a', 'evening', 140000, 5, 1),
(174, '2021-11-21', 'a', 'evening', 140000, 5, 1),
(175, '2021-11-22', 'a', 'evening', 140000, 5, 1),
(176, '2021-11-23', 'a', 'evening', 140000, 5, 1),
(177, '2021-11-24', 'a', 'evening', 140000, 5, 1),
(178, '2021-11-25', 'a', 'evening', 140000, 5, 1),
(179, '2021-11-26', 'a', 'evening', 140000, 5, 1),
(180, '2021-11-27', 'a', 'evening', 140000, 5, 1),
(181, '2021-11-28', 'a', 'evening', 140000, 5, 1),
(182, '2021-11-29', 'a', 'evening', 140000, 5, 1),
(183, '2021-11-30', 'a', 'evening', 140000, 5, 1),
(184, '2021-12-01', 'a', 'evening', 140000, 5, 1),
(185, '2021-12-02', 'a', 'evening', 140000, 5, 1),
(186, '2021-12-03', 'a', 'evening', 140000, 5, 1),
(187, '2021-12-04', 'a', 'evening', 140000, 5, 1),
(188, '2021-12-05', 'a', 'evening', 140000, 5, 1),
(189, '2021-12-06', 'a', 'evening', 140000, 5, 1),
(190, '2021-12-07', 'a', 'evening', 140000, 5, 1),
(191, '2021-12-08', 'a', 'evening', 140000, 5, 1),
(192, '2021-12-09', 'a', 'evening', 140000, 5, 1),
(193, '2021-12-10', 'a', 'evening', 140000, 5, 1),
(194, '2021-12-11', 'a', 'evening', 140000, 5, 1),
(195, '2021-12-12', 'a', 'evening', 140000, 5, 1),
(196, '2021-12-13', 'a', 'evening', 140000, 5, 1),
(197, '2021-12-14', 'a', 'evening', 140000, 5, 1),
(198, '2021-12-15', 'a', 'evening', 140000, 5, 1),
(199, '2021-12-16', 'a', 'evening', 140000, 5, 1),
(200, '2021-12-17', 'a', 'evening', 140000, 5, 1),
(201, '2021-12-18', 'a', 'evening', 140000, 5, 1),
(202, '2021-12-19', 'a', 'evening', 140000, 5, 1),
(203, '2021-12-20', 'a', 'evening', 140000, 5, 1),
(204, '2021-12-21', 'a', 'evening', 140000, 5, 1),
(205, '2021-12-22', 'a', 'evening', 140000, 5, 1),
(206, '2021-12-23', 'a', 'evening', 140000, 5, 1),
(207, '2021-12-24', 'a', 'evening', 140000, 5, 1),
(208, '2021-12-25', 'a', 'evening', 140000, 5, 1),
(209, '2021-12-26', 'a', 'evening', 140000, 5, 1),
(210, '2021-12-27', 'a', 'evening', 140000, 5, 1),
(211, '2021-12-28', 'a', 'evening', 140000, 5, 1),
(212, '2021-12-29', 'a', 'evening', 140000, 5, 1),
(213, '2021-12-30', 'a', 'evening', 140000, 5, 1),
(214, '2021-12-31', 'a', 'evening', 140000, 5, 1),
(215, '2021-06-01', 'a', 'morning', 100000, 5, 1),
(216, '2021-06-02', 'a', 'morning', 100000, 5, 1),
(217, '2021-06-03', 'a', 'morning', 100000, 5, 1),
(218, '2021-06-04', 'a', 'morning', 100000, 5, 1),
(219, '2021-06-05', 'a', 'morning', 100000, 5, 1),
(220, '2021-06-06', 'a', 'morning', 100000, 5, 1),
(221, '2021-06-07', 'a', 'morning', 100000, 5, 1),
(222, '2021-06-08', 'a', 'morning', 100000, 5, 1),
(223, '2021-06-09', 'a', 'morning', 100000, 5, 1),
(224, '2021-06-10', 'a', 'morning', 100000, 5, 1),
(225, '2021-06-11', 'a', 'morning', 100000, 5, 1),
(226, '2021-06-12', 'a', 'morning', 100000, 5, 1),
(227, '2021-06-13', 'a', 'morning', 100000, 5, 1),
(228, '2021-06-14', 'a', 'morning', 100000, 5, 1),
(229, '2021-06-15', 'a', 'morning', 100000, 5, 1),
(230, '2021-06-16', 'a', 'morning', 100000, 5, 1),
(231, '2021-06-17', 'a', 'morning', 100000, 5, 1),
(232, '2021-06-18', 'a', 'morning', 100000, 5, 1),
(233, '2021-06-19', 'a', 'morning', 100000, 5, 1),
(234, '2021-06-20', 'a', 'morning', 100000, 5, 1),
(235, '2021-06-21', 'a', 'morning', 100000, 5, 1),
(236, '2021-06-22', 'a', 'morning', 100000, 5, 1),
(237, '2021-06-23', 'a', 'morning', 100000, 5, 1),
(238, '2021-06-24', 'a', 'morning', 100000, 5, 1),
(239, '2021-06-25', 'a', 'morning', 100000, 5, 1),
(240, '2021-06-26', 'a', 'morning', 100000, 5, 1),
(241, '2021-06-27', 'a', 'morning', 100000, 5, 1),
(242, '2021-06-28', 'a', 'morning', 100000, 5, 1),
(243, '2021-06-29', 'a', 'morning', 100000, 5, 1),
(244, '2021-06-30', 'a', 'morning', 100000, 5, 1),
(245, '2021-07-01', 'a', 'morning', 100000, 5, 1),
(246, '2021-07-02', 'a', 'morning', 100000, 5, 1),
(247, '2021-07-03', 'a', 'morning', 100000, 5, 1),
(248, '2021-07-04', 'a', 'morning', 100000, 5, 1),
(249, '2021-07-05', 'a', 'morning', 100000, 5, 1),
(250, '2021-07-06', 'a', 'morning', 100000, 5, 1),
(251, '2021-07-07', 'a', 'morning', 100000, 5, 1),
(252, '2021-07-08', 'a', 'morning', 100000, 5, 1),
(253, '2021-07-09', 'a', 'morning', 100000, 5, 1),
(254, '2021-07-10', 'a', 'morning', 100000, 5, 1),
(255, '2021-07-11', 'a', 'morning', 100000, 5, 1),
(256, '2021-07-12', 'a', 'morning', 100000, 5, 1),
(257, '2021-07-13', 'a', 'morning', 100000, 5, 1),
(258, '2021-07-14', 'a', 'morning', 100000, 5, 1),
(259, '2021-07-15', 'a', 'morning', 100000, 5, 1),
(260, '2021-07-16', 'a', 'morning', 100000, 5, 1),
(261, '2021-07-17', 'a', 'morning', 100000, 5, 1),
(262, '2021-07-18', 'a', 'morning', 100000, 5, 1),
(263, '2021-07-19', 'a', 'morning', 100000, 5, 1),
(264, '2021-07-20', 'a', 'morning', 100000, 5, 1),
(265, '2021-07-21', 'a', 'morning', 100000, 5, 1),
(266, '2021-07-22', 'a', 'morning', 100000, 5, 1),
(267, '2021-07-23', 'a', 'morning', 100000, 5, 1),
(268, '2021-07-24', 'a', 'morning', 100000, 5, 1),
(269, '2021-07-25', 'a', 'morning', 100000, 5, 1),
(270, '2021-07-26', 'a', 'morning', 100000, 5, 1),
(271, '2021-07-27', 'a', 'morning', 100000, 5, 1),
(272, '2021-07-28', 'a', 'morning', 100000, 5, 1),
(273, '2021-07-29', 'a', 'morning', 100000, 5, 1),
(274, '2021-07-30', 'a', 'morning', 100000, 5, 1),
(275, '2021-07-31', 'a', 'morning', 100000, 5, 1),
(276, '2021-08-01', 'a', 'morning', 100000, 5, 1),
(277, '2021-08-02', 'a', 'morning', 100000, 5, 1),
(278, '2021-08-03', 'a', 'morning', 100000, 5, 1),
(279, '2021-08-04', 'a', 'morning', 100000, 5, 1),
(280, '2021-08-05', 'a', 'morning', 100000, 5, 1),
(281, '2021-08-06', 'a', 'morning', 100000, 5, 1),
(282, '2021-08-07', 'a', 'morning', 100000, 5, 1),
(283, '2021-08-08', 'a', 'morning', 100000, 5, 1),
(284, '2021-08-09', 'a', 'morning', 100000, 5, 1),
(285, '2021-08-10', 'a', 'morning', 100000, 5, 1),
(286, '2021-08-11', 'a', 'morning', 100000, 5, 1),
(287, '2021-08-12', 'a', 'morning', 100000, 5, 1),
(288, '2021-08-13', 'a', 'morning', 100000, 5, 1),
(289, '2021-08-14', 'a', 'morning', 100000, 5, 1),
(290, '2021-08-15', 'a', 'morning', 100000, 5, 1),
(291, '2021-08-16', 'a', 'morning', 100000, 5, 1),
(292, '2021-08-17', 'a', 'morning', 100000, 5, 1),
(293, '2021-08-18', 'a', 'morning', 100000, 5, 1),
(294, '2021-08-19', 'a', 'morning', 100000, 5, 1),
(295, '2021-08-20', 'a', 'morning', 100000, 5, 1),
(296, '2021-08-21', 'a', 'morning', 100000, 5, 1),
(297, '2021-08-22', 'a', 'morning', 100000, 5, 1),
(298, '2021-08-23', 'a', 'morning', 100000, 5, 1),
(299, '2021-08-24', 'a', 'morning', 100000, 5, 1),
(300, '2021-08-25', 'a', 'morning', 100000, 5, 1),
(301, '2021-08-26', 'a', 'morning', 100000, 5, 1),
(302, '2021-08-27', 'a', 'morning', 100000, 5, 1),
(303, '2021-08-28', 'a', 'morning', 100000, 5, 1),
(304, '2021-08-29', 'a', 'morning', 100000, 5, 1),
(305, '2021-08-30', 'a', 'morning', 100000, 5, 1),
(306, '2021-08-31', 'a', 'morning', 100000, 5, 1),
(307, '2021-09-01', 'a', 'morning', 100000, 5, 1),
(308, '2021-09-02', 'a', 'morning', 100000, 5, 1),
(309, '2021-09-03', 'a', 'morning', 100000, 5, 1),
(310, '2021-09-04', 'a', 'morning', 100000, 5, 1),
(311, '2021-09-05', 'a', 'morning', 100000, 5, 1),
(312, '2021-09-06', 'a', 'morning', 100000, 5, 1),
(313, '2021-09-07', 'a', 'morning', 100000, 5, 1),
(314, '2021-09-08', 'a', 'morning', 100000, 5, 1),
(315, '2021-09-09', 'a', 'morning', 100000, 5, 1),
(316, '2021-09-10', 'a', 'morning', 100000, 5, 1),
(317, '2021-09-11', 'a', 'morning', 100000, 5, 1),
(318, '2021-09-12', 'a', 'morning', 100000, 5, 1),
(319, '2021-09-13', 'a', 'morning', 100000, 5, 1),
(320, '2021-09-14', 'a', 'morning', 100000, 5, 1),
(321, '2021-09-15', 'a', 'morning', 100000, 5, 1),
(322, '2021-09-16', 'a', 'morning', 100000, 5, 1),
(323, '2021-09-17', 'a', 'morning', 100000, 5, 1),
(324, '2021-09-18', 'a', 'morning', 100000, 5, 1),
(325, '2021-09-19', 'a', 'morning', 100000, 5, 1),
(326, '2021-09-20', 'a', 'morning', 100000, 5, 1),
(327, '2021-09-21', 'a', 'morning', 100000, 5, 1),
(328, '2021-09-22', 'a', 'morning', 100000, 5, 1),
(329, '2021-09-23', 'a', 'morning', 100000, 5, 1),
(330, '2021-09-24', 'a', 'morning', 100000, 5, 1),
(331, '2021-09-25', 'a', 'morning', 100000, 5, 1),
(332, '2021-09-26', 'a', 'morning', 100000, 5, 1),
(333, '2021-09-27', 'a', 'morning', 100000, 5, 1),
(334, '2021-09-28', 'a', 'morning', 100000, 5, 1),
(335, '2021-09-29', 'a', 'morning', 100000, 5, 1),
(336, '2021-09-30', 'a', 'morning', 100000, 5, 1),
(337, '2021-10-01', 'a', 'morning', 100000, 5, 1),
(338, '2021-10-02', 'a', 'morning', 100000, 5, 1),
(339, '2021-10-03', 'a', 'morning', 100000, 5, 1),
(340, '2021-10-04', 'a', 'morning', 100000, 5, 1),
(341, '2021-10-05', 'a', 'morning', 100000, 5, 1),
(342, '2021-10-06', 'a', 'morning', 100000, 5, 1),
(343, '2021-10-07', 'a', 'morning', 100000, 5, 1),
(344, '2021-10-08', 'a', 'morning', 100000, 5, 1),
(345, '2021-10-09', 'a', 'morning', 100000, 5, 1),
(346, '2021-10-10', 'a', 'morning', 100000, 5, 1),
(347, '2021-10-11', 'a', 'morning', 100000, 5, 1),
(348, '2021-10-12', 'a', 'morning', 100000, 5, 1),
(349, '2021-10-13', 'a', 'morning', 100000, 5, 1),
(350, '2021-10-14', 'a', 'morning', 100000, 5, 1),
(351, '2021-10-15', 'a', 'morning', 100000, 5, 1),
(352, '2021-10-16', 'a', 'morning', 100000, 5, 1),
(353, '2021-10-17', 'a', 'morning', 100000, 5, 1),
(354, '2021-10-18', 'a', 'morning', 100000, 5, 1),
(355, '2021-10-19', 'a', 'morning', 100000, 5, 1),
(356, '2021-10-20', 'a', 'morning', 100000, 5, 1),
(357, '2021-10-21', 'a', 'morning', 100000, 5, 1),
(358, '2021-10-22', 'a', 'morning', 100000, 5, 1),
(359, '2021-10-23', 'a', 'morning', 100000, 5, 1),
(360, '2021-10-24', 'a', 'morning', 100000, 5, 1),
(361, '2021-10-25', 'a', 'morning', 100000, 5, 1),
(362, '2021-10-26', 'a', 'morning', 100000, 5, 1),
(363, '2021-10-27', 'a', 'morning', 100000, 5, 1),
(364, '2021-10-28', 'a', 'morning', 100000, 5, 1),
(365, '2021-10-29', 'a', 'morning', 100000, 5, 1),
(366, '2021-10-30', 'a', 'morning', 100000, 5, 1),
(367, '2021-10-31', 'a', 'morning', 100000, 5, 1),
(368, '2021-11-01', 'a', 'morning', 100000, 5, 1),
(369, '2021-11-02', 'a', 'morning', 100000, 5, 1),
(370, '2021-11-03', 'a', 'morning', 100000, 5, 1),
(371, '2021-11-04', 'a', 'morning', 100000, 5, 1),
(372, '2021-11-05', 'a', 'morning', 100000, 5, 1),
(373, '2021-11-06', 'a', 'morning', 100000, 5, 1),
(374, '2021-11-07', 'a', 'morning', 100000, 5, 1),
(375, '2021-11-08', 'a', 'morning', 100000, 5, 1),
(376, '2021-11-09', 'a', 'morning', 100000, 5, 1),
(377, '2021-11-10', 'a', 'morning', 100000, 5, 1),
(378, '2021-11-11', 'a', 'morning', 100000, 5, 1),
(379, '2021-11-12', 'a', 'morning', 100000, 5, 1),
(380, '2021-11-13', 'a', 'morning', 100000, 5, 1),
(381, '2021-11-14', 'a', 'morning', 100000, 5, 1),
(382, '2021-11-15', 'a', 'morning', 100000, 5, 1),
(383, '2021-11-16', 'a', 'morning', 100000, 5, 1),
(384, '2021-11-17', 'a', 'morning', 100000, 5, 1),
(385, '2021-11-18', 'a', 'morning', 100000, 5, 1),
(386, '2021-11-19', 'a', 'morning', 100000, 5, 1),
(387, '2021-11-20', 'a', 'morning', 100000, 5, 1),
(388, '2021-11-21', 'a', 'morning', 100000, 5, 1),
(389, '2021-11-22', 'a', 'morning', 100000, 5, 1),
(390, '2021-11-23', 'a', 'morning', 100000, 5, 1),
(391, '2021-11-24', 'a', 'morning', 100000, 5, 1),
(392, '2021-11-25', 'a', 'morning', 100000, 5, 1),
(393, '2021-11-26', 'a', 'morning', 100000, 5, 1),
(394, '2021-11-27', 'a', 'morning', 100000, 5, 1),
(395, '2021-11-28', 'a', 'morning', 100000, 5, 1),
(396, '2021-11-29', 'a', 'morning', 100000, 5, 1),
(397, '2021-11-30', 'a', 'morning', 100000, 5, 1),
(398, '2021-12-01', 'a', 'morning', 100000, 5, 1),
(399, '2021-12-02', 'a', 'morning', 100000, 5, 1),
(400, '2021-12-03', 'a', 'morning', 100000, 5, 1),
(401, '2021-12-04', 'a', 'morning', 100000, 5, 1),
(402, '2021-12-05', 'a', 'morning', 100000, 5, 1),
(403, '2021-12-06', 'a', 'morning', 100000, 5, 1),
(404, '2021-12-07', 'a', 'morning', 100000, 5, 1),
(405, '2021-12-08', 'a', 'morning', 100000, 5, 1),
(406, '2021-12-09', 'a', 'morning', 100000, 5, 1),
(407, '2021-12-10', 'a', 'morning', 100000, 5, 1),
(408, '2021-12-11', 'a', 'morning', 100000, 5, 1),
(409, '2021-12-12', 'a', 'morning', 100000, 5, 1),
(410, '2021-12-13', 'a', 'morning', 100000, 5, 1),
(411, '2021-12-14', 'a', 'morning', 100000, 5, 1),
(412, '2021-12-15', 'a', 'morning', 100000, 5, 1),
(413, '2021-12-16', 'a', 'morning', 100000, 5, 1),
(414, '2021-12-17', 'a', 'morning', 100000, 5, 1),
(415, '2021-12-18', 'a', 'morning', 100000, 5, 1),
(416, '2021-12-19', 'a', 'morning', 100000, 5, 1),
(417, '2021-12-20', 'a', 'morning', 100000, 5, 1),
(418, '2021-12-21', 'a', 'morning', 100000, 5, 1),
(419, '2021-12-22', 'a', 'morning', 100000, 5, 1),
(420, '2021-12-23', 'a', 'morning', 100000, 5, 1),
(421, '2021-12-24', 'a', 'morning', 100000, 5, 1),
(422, '2021-12-25', 'a', 'morning', 100000, 5, 1),
(423, '2021-12-26', 'a', 'morning', 100000, 5, 1),
(424, '2021-12-27', 'a', 'morning', 100000, 5, 1),
(425, '2021-12-28', 'a', 'morning', 100000, 5, 1),
(426, '2021-12-29', 'a', 'morning', 100000, 5, 1),
(427, '2021-12-30', 'a', 'morning', 100000, 5, 1),
(428, '2021-12-31', 'a', 'morning', 100000, 5, 1),
(429, '2021-06-01', 'b', 'evening', 70000, 5, 1),
(430, '2021-06-02', 'b', 'evening', 70000, 5, 1),
(431, '2021-06-03', 'b', 'evening', 70000, 5, 1),
(432, '2021-06-04', 'b', 'evening', 70000, 5, 1),
(433, '2021-06-05', 'b', 'evening', 70000, 5, 1),
(434, '2021-06-06', 'b', 'evening', 70000, 5, 1),
(435, '2021-06-07', 'b', 'evening', 70000, 5, 1),
(436, '2021-06-08', 'b', 'evening', 70000, 5, 1),
(437, '2021-06-09', 'b', 'evening', 70000, 5, 1),
(438, '2021-06-10', 'b', 'evening', 70000, 5, 1),
(439, '2021-06-11', 'b', 'evening', 70000, 5, 1),
(440, '2021-06-12', 'b', 'evening', 70000, 5, 1),
(441, '2021-06-13', 'b', 'evening', 70000, 5, 1),
(442, '2021-06-14', 'b', 'evening', 70000, 5, 1),
(443, '2021-06-15', 'b', 'evening', 70000, 5, 1),
(444, '2021-06-16', 'b', 'evening', 70000, 5, 1),
(445, '2021-06-17', 'b', 'evening', 70000, 5, 1),
(446, '2021-06-18', 'b', 'evening', 70000, 5, 1),
(447, '2021-06-19', 'b', 'evening', 70000, 5, 1),
(448, '2021-06-20', 'b', 'evening', 70000, 5, 1),
(449, '2021-06-21', 'b', 'evening', 70000, 5, 1),
(450, '2021-06-22', 'b', 'evening', 70000, 5, 1),
(451, '2021-06-23', 'b', 'evening', 70000, 5, 1),
(452, '2021-06-24', 'b', 'evening', 70000, 5, 1),
(453, '2021-06-25', 'b', 'evening', 70000, 5, 1),
(454, '2021-06-26', 'b', 'evening', 70000, 5, 1),
(455, '2021-06-27', 'b', 'evening', 70000, 5, 1),
(456, '2021-06-28', 'b', 'evening', 70000, 5, 1),
(457, '2021-06-29', 'b', 'evening', 70000, 5, 1),
(458, '2021-06-30', 'b', 'evening', 70000, 5, 1),
(459, '2021-07-01', 'b', 'evening', 70000, 5, 1),
(460, '2021-07-02', 'b', 'evening', 70000, 5, 1),
(461, '2021-07-03', 'b', 'evening', 70000, 5, 1),
(462, '2021-07-04', 'b', 'evening', 70000, 5, 1),
(463, '2021-07-05', 'b', 'evening', 70000, 5, 1),
(464, '2021-07-06', 'b', 'evening', 70000, 5, 1),
(465, '2021-07-07', 'b', 'evening', 70000, 5, 1),
(466, '2021-07-08', 'b', 'evening', 70000, 5, 1),
(467, '2021-07-09', 'b', 'evening', 70000, 5, 1),
(468, '2021-07-10', 'b', 'evening', 70000, 5, 1),
(469, '2021-07-11', 'b', 'evening', 70000, 5, 1),
(470, '2021-07-12', 'b', 'evening', 70000, 5, 1),
(471, '2021-07-13', 'b', 'evening', 70000, 5, 1),
(472, '2021-07-14', 'b', 'evening', 70000, 5, 1),
(473, '2021-07-15', 'b', 'evening', 70000, 5, 1),
(474, '2021-07-16', 'b', 'evening', 70000, 5, 1),
(475, '2021-07-17', 'b', 'evening', 70000, 5, 1),
(476, '2021-07-18', 'b', 'evening', 70000, 5, 1),
(477, '2021-07-19', 'b', 'evening', 70000, 5, 1),
(478, '2021-07-20', 'b', 'evening', 70000, 5, 1),
(479, '2021-07-21', 'b', 'evening', 70000, 5, 1),
(480, '2021-07-22', 'b', 'evening', 70000, 5, 1),
(481, '2021-07-23', 'b', 'evening', 70000, 5, 1),
(482, '2021-07-24', 'b', 'evening', 70000, 5, 1),
(483, '2021-07-25', 'b', 'evening', 70000, 5, 1),
(484, '2021-07-26', 'b', 'evening', 70000, 5, 1),
(485, '2021-07-27', 'b', 'evening', 70000, 5, 1),
(486, '2021-07-28', 'b', 'evening', 70000, 5, 1),
(487, '2021-07-29', 'b', 'evening', 70000, 5, 1),
(488, '2021-07-30', 'b', 'evening', 70000, 5, 1),
(489, '2021-07-31', 'b', 'evening', 70000, 5, 1),
(490, '2021-08-01', 'b', 'evening', 70000, 5, 1),
(491, '2021-08-02', 'b', 'evening', 70000, 5, 1),
(492, '2021-08-03', 'b', 'evening', 70000, 5, 1),
(493, '2021-08-04', 'b', 'evening', 70000, 5, 1),
(494, '2021-08-05', 'b', 'evening', 70000, 5, 1),
(495, '2021-08-06', 'b', 'evening', 70000, 5, 1),
(496, '2021-08-07', 'b', 'evening', 70000, 5, 1),
(497, '2021-08-08', 'b', 'evening', 70000, 5, 1),
(498, '2021-08-09', 'b', 'evening', 70000, 5, 1),
(499, '2021-08-10', 'b', 'evening', 70000, 5, 1),
(500, '2021-08-11', 'b', 'evening', 70000, 5, 1),
(501, '2021-08-12', 'b', 'evening', 70000, 5, 1),
(502, '2021-08-13', 'b', 'evening', 70000, 5, 1),
(503, '2021-08-14', 'b', 'evening', 70000, 5, 1),
(504, '2021-08-15', 'b', 'evening', 70000, 5, 1),
(505, '2021-08-16', 'b', 'evening', 70000, 5, 1),
(506, '2021-08-17', 'b', 'evening', 70000, 5, 1),
(507, '2021-08-18', 'b', 'evening', 70000, 5, 1),
(508, '2021-08-19', 'b', 'evening', 70000, 5, 1),
(509, '2021-08-20', 'b', 'evening', 70000, 5, 1),
(510, '2021-08-21', 'b', 'evening', 70000, 5, 1),
(511, '2021-08-22', 'b', 'evening', 70000, 5, 1),
(512, '2021-08-23', 'b', 'evening', 70000, 5, 1),
(513, '2021-08-24', 'b', 'evening', 70000, 5, 1),
(514, '2021-08-25', 'b', 'evening', 70000, 5, 1),
(515, '2021-08-26', 'b', 'evening', 70000, 5, 1),
(516, '2021-08-27', 'b', 'evening', 70000, 5, 1),
(517, '2021-08-28', 'b', 'evening', 70000, 5, 1),
(518, '2021-08-29', 'b', 'evening', 70000, 5, 1),
(519, '2021-08-30', 'b', 'evening', 70000, 5, 1),
(520, '2021-08-31', 'b', 'evening', 70000, 5, 1),
(521, '2021-09-01', 'b', 'evening', 70000, 5, 1),
(522, '2021-09-02', 'b', 'evening', 70000, 5, 1),
(523, '2021-09-03', 'b', 'evening', 70000, 5, 1),
(524, '2021-09-04', 'b', 'evening', 70000, 5, 1),
(525, '2021-09-05', 'b', 'evening', 70000, 5, 1),
(526, '2021-09-06', 'b', 'evening', 70000, 5, 1),
(527, '2021-09-07', 'b', 'evening', 70000, 5, 1),
(528, '2021-09-08', 'b', 'evening', 70000, 5, 1),
(529, '2021-09-09', 'b', 'evening', 70000, 5, 1),
(530, '2021-09-10', 'b', 'evening', 70000, 5, 1),
(531, '2021-09-11', 'b', 'evening', 70000, 5, 1),
(532, '2021-09-12', 'b', 'evening', 70000, 5, 1),
(533, '2021-09-13', 'b', 'evening', 70000, 5, 1),
(534, '2021-09-14', 'b', 'evening', 70000, 5, 1),
(535, '2021-09-15', 'b', 'evening', 70000, 5, 1),
(536, '2021-09-16', 'b', 'evening', 70000, 5, 1),
(537, '2021-09-17', 'b', 'evening', 70000, 5, 1),
(538, '2021-09-18', 'b', 'evening', 70000, 5, 1),
(539, '2021-09-19', 'b', 'evening', 70000, 5, 1),
(540, '2021-09-20', 'b', 'evening', 70000, 5, 1),
(541, '2021-09-21', 'b', 'evening', 70000, 5, 1),
(542, '2021-09-22', 'b', 'evening', 70000, 5, 1),
(543, '2021-09-23', 'b', 'evening', 70000, 5, 1),
(544, '2021-09-24', 'b', 'evening', 70000, 5, 1),
(545, '2021-09-25', 'b', 'evening', 70000, 5, 1),
(546, '2021-09-26', 'b', 'evening', 70000, 5, 1),
(547, '2021-09-27', 'b', 'evening', 70000, 5, 1),
(548, '2021-09-28', 'b', 'evening', 70000, 5, 1),
(549, '2021-09-29', 'b', 'evening', 70000, 5, 1),
(550, '2021-09-30', 'b', 'evening', 70000, 5, 1),
(551, '2021-10-01', 'b', 'evening', 70000, 5, 1),
(552, '2021-10-02', 'b', 'evening', 70000, 5, 1),
(553, '2021-10-03', 'b', 'evening', 70000, 5, 1),
(554, '2021-10-04', 'b', 'evening', 70000, 5, 1),
(555, '2021-10-05', 'b', 'evening', 70000, 5, 1),
(556, '2021-10-06', 'b', 'evening', 70000, 5, 1),
(557, '2021-10-07', 'b', 'evening', 70000, 5, 1),
(558, '2021-10-08', 'b', 'evening', 70000, 5, 1),
(559, '2021-10-09', 'b', 'evening', 70000, 5, 1),
(560, '2021-10-10', 'b', 'evening', 70000, 5, 1),
(561, '2021-10-11', 'b', 'evening', 70000, 5, 1),
(562, '2021-10-12', 'b', 'evening', 70000, 5, 1),
(563, '2021-10-13', 'b', 'evening', 70000, 5, 1),
(564, '2021-10-14', 'b', 'evening', 70000, 5, 1),
(565, '2021-10-15', 'b', 'evening', 70000, 5, 1),
(566, '2021-10-16', 'b', 'evening', 70000, 5, 1),
(567, '2021-10-17', 'b', 'evening', 70000, 5, 1),
(568, '2021-10-18', 'b', 'evening', 70000, 5, 1),
(569, '2021-10-19', 'b', 'evening', 70000, 5, 1),
(570, '2021-10-20', 'b', 'evening', 70000, 5, 1),
(571, '2021-10-21', 'b', 'evening', 70000, 5, 1),
(572, '2021-10-22', 'b', 'evening', 70000, 5, 1),
(573, '2021-10-23', 'b', 'evening', 70000, 5, 1),
(574, '2021-10-24', 'b', 'evening', 70000, 5, 1),
(575, '2021-10-25', 'b', 'evening', 70000, 5, 1),
(576, '2021-10-26', 'b', 'evening', 70000, 5, 1),
(577, '2021-10-27', 'b', 'evening', 70000, 5, 1),
(578, '2021-10-28', 'b', 'evening', 70000, 5, 1),
(579, '2021-10-29', 'b', 'evening', 70000, 5, 1),
(580, '2021-10-30', 'b', 'evening', 70000, 5, 1),
(581, '2021-10-31', 'b', 'evening', 70000, 5, 1),
(582, '2021-11-01', 'b', 'evening', 70000, 5, 1),
(583, '2021-11-02', 'b', 'evening', 70000, 5, 1),
(584, '2021-11-03', 'b', 'evening', 70000, 5, 1),
(585, '2021-11-04', 'b', 'evening', 70000, 5, 1),
(586, '2021-11-05', 'b', 'evening', 70000, 5, 1),
(587, '2021-11-06', 'b', 'evening', 70000, 5, 1),
(588, '2021-11-07', 'b', 'evening', 70000, 5, 1),
(589, '2021-11-08', 'b', 'evening', 70000, 5, 1),
(590, '2021-11-09', 'b', 'evening', 70000, 5, 1),
(591, '2021-11-10', 'b', 'evening', 70000, 5, 1),
(592, '2021-11-11', 'b', 'evening', 70000, 5, 1),
(593, '2021-11-12', 'b', 'evening', 70000, 5, 1),
(594, '2021-11-13', 'b', 'evening', 70000, 5, 1),
(595, '2021-11-14', 'b', 'evening', 70000, 5, 1),
(596, '2021-11-15', 'b', 'evening', 70000, 5, 1),
(597, '2021-11-16', 'b', 'evening', 70000, 5, 1),
(598, '2021-11-17', 'b', 'evening', 70000, 5, 1),
(599, '2021-11-18', 'b', 'evening', 70000, 5, 1),
(600, '2021-11-19', 'b', 'evening', 70000, 5, 1),
(601, '2021-11-20', 'b', 'evening', 70000, 5, 1),
(602, '2021-11-21', 'b', 'evening', 70000, 5, 1),
(603, '2021-11-22', 'b', 'evening', 70000, 5, 1),
(604, '2021-11-23', 'b', 'evening', 70000, 5, 1),
(605, '2021-11-24', 'b', 'evening', 70000, 5, 1),
(606, '2021-11-25', 'b', 'evening', 70000, 5, 1),
(607, '2021-11-26', 'b', 'evening', 70000, 5, 1),
(608, '2021-11-27', 'b', 'evening', 70000, 5, 1),
(609, '2021-11-28', 'b', 'evening', 70000, 5, 1),
(610, '2021-11-29', 'b', 'evening', 70000, 5, 1),
(611, '2021-11-30', 'b', 'evening', 70000, 5, 1),
(612, '2021-12-01', 'b', 'evening', 70000, 5, 1),
(613, '2021-12-02', 'b', 'evening', 70000, 5, 1),
(614, '2021-12-03', 'b', 'evening', 70000, 5, 1),
(615, '2021-12-04', 'b', 'evening', 70000, 5, 1),
(616, '2021-12-05', 'b', 'evening', 70000, 5, 1),
(617, '2021-12-06', 'b', 'evening', 70000, 5, 1),
(618, '2021-12-07', 'b', 'evening', 70000, 5, 1),
(619, '2021-12-08', 'b', 'evening', 70000, 5, 1),
(620, '2021-12-09', 'b', 'evening', 70000, 5, 1),
(621, '2021-12-10', 'b', 'evening', 70000, 5, 1),
(622, '2021-12-11', 'b', 'evening', 70000, 5, 1),
(623, '2021-12-12', 'b', 'evening', 70000, 5, 1),
(624, '2021-12-13', 'b', 'evening', 70000, 5, 1),
(625, '2021-12-14', 'b', 'evening', 70000, 5, 1),
(626, '2021-12-15', 'b', 'evening', 70000, 5, 1),
(627, '2021-12-16', 'b', 'evening', 70000, 5, 1),
(628, '2021-12-17', 'b', 'evening', 70000, 5, 1),
(629, '2021-12-18', 'b', 'evening', 70000, 5, 1),
(630, '2021-12-19', 'b', 'evening', 70000, 5, 1),
(631, '2021-12-20', 'b', 'evening', 70000, 5, 1),
(632, '2021-12-21', 'b', 'evening', 70000, 5, 1),
(633, '2021-12-22', 'b', 'evening', 70000, 5, 1),
(634, '2021-12-23', 'b', 'evening', 70000, 5, 1),
(635, '2021-12-24', 'b', 'evening', 70000, 5, 1),
(636, '2021-12-25', 'b', 'evening', 70000, 5, 1),
(637, '2021-12-26', 'b', 'evening', 70000, 5, 1),
(638, '2021-12-27', 'b', 'evening', 70000, 5, 1),
(639, '2021-12-28', 'b', 'evening', 70000, 5, 1),
(640, '2021-12-29', 'b', 'evening', 70000, 5, 1),
(641, '2021-12-30', 'b', 'evening', 70000, 5, 1),
(642, '2021-12-31', 'b', 'evening', 70000, 5, 1),
(643, '2021-06-01', 'b', 'morning', 50000, 5, 1),
(644, '2021-06-02', 'b', 'morning', 50000, 5, 1),
(645, '2021-06-03', 'b', 'morning', 50000, 5, 1),
(646, '2021-06-04', 'b', 'morning', 50000, 5, 1),
(647, '2021-06-05', 'b', 'morning', 50000, 5, 1),
(648, '2021-06-06', 'b', 'morning', 50000, 5, 1),
(649, '2021-06-07', 'b', 'morning', 50000, 5, 1),
(650, '2021-06-08', 'b', 'morning', 50000, 5, 1),
(651, '2021-06-09', 'b', 'morning', 50000, 5, 1),
(652, '2021-06-10', 'b', 'morning', 50000, 5, 1),
(653, '2021-06-11', 'b', 'morning', 50000, 5, 1),
(654, '2021-06-12', 'b', 'morning', 50000, 5, 1),
(655, '2021-06-13', 'b', 'morning', 50000, 5, 1),
(656, '2021-06-14', 'b', 'morning', 50000, 5, 1),
(657, '2021-06-15', 'b', 'morning', 50000, 5, 1),
(658, '2021-06-16', 'b', 'morning', 50000, 5, 1),
(659, '2021-06-17', 'b', 'morning', 50000, 5, 1),
(660, '2021-06-18', 'b', 'morning', 50000, 5, 1),
(661, '2021-06-19', 'b', 'morning', 50000, 5, 1),
(662, '2021-06-20', 'b', 'morning', 50000, 5, 1),
(663, '2021-06-21', 'b', 'morning', 50000, 5, 1),
(664, '2021-06-22', 'b', 'morning', 50000, 5, 1),
(665, '2021-06-23', 'b', 'morning', 50000, 5, 1),
(666, '2021-06-24', 'b', 'morning', 50000, 5, 1),
(667, '2021-06-25', 'b', 'morning', 50000, 5, 1),
(668, '2021-06-26', 'b', 'morning', 50000, 5, 1),
(669, '2021-06-27', 'b', 'morning', 50000, 5, 1),
(670, '2021-06-28', 'b', 'morning', 50000, 5, 1),
(671, '2021-06-29', 'b', 'morning', 50000, 5, 1),
(672, '2021-06-30', 'b', 'morning', 50000, 5, 1),
(673, '2021-07-01', 'b', 'morning', 50000, 5, 1),
(674, '2021-07-02', 'b', 'morning', 50000, 5, 1),
(675, '2021-07-03', 'b', 'morning', 50000, 5, 1),
(676, '2021-07-04', 'b', 'morning', 50000, 5, 1),
(677, '2021-07-05', 'b', 'morning', 50000, 5, 1),
(678, '2021-07-06', 'b', 'morning', 50000, 5, 1),
(679, '2021-07-07', 'b', 'morning', 50000, 5, 1),
(680, '2021-07-08', 'b', 'morning', 50000, 5, 1),
(681, '2021-07-09', 'b', 'morning', 50000, 5, 1),
(682, '2021-07-10', 'b', 'morning', 50000, 5, 1),
(683, '2021-07-11', 'b', 'morning', 50000, 5, 1),
(684, '2021-07-12', 'b', 'morning', 50000, 5, 1),
(685, '2021-07-13', 'b', 'morning', 50000, 5, 1),
(686, '2021-07-14', 'b', 'morning', 50000, 5, 1),
(687, '2021-07-15', 'b', 'morning', 50000, 5, 1),
(688, '2021-07-16', 'b', 'morning', 50000, 5, 1),
(689, '2021-07-17', 'b', 'morning', 50000, 5, 1),
(690, '2021-07-18', 'b', 'morning', 50000, 5, 1),
(691, '2021-07-19', 'b', 'morning', 50000, 5, 1),
(692, '2021-07-20', 'b', 'morning', 50000, 5, 1),
(693, '2021-07-21', 'b', 'morning', 50000, 5, 1),
(694, '2021-07-22', 'b', 'morning', 50000, 5, 1),
(695, '2021-07-23', 'b', 'morning', 50000, 5, 1),
(696, '2021-07-24', 'b', 'morning', 50000, 5, 1),
(697, '2021-07-25', 'b', 'morning', 50000, 5, 1),
(698, '2021-07-26', 'b', 'morning', 50000, 5, 1),
(699, '2021-07-27', 'b', 'morning', 50000, 5, 1),
(700, '2021-07-28', 'b', 'morning', 50000, 5, 1),
(701, '2021-07-29', 'b', 'morning', 50000, 5, 1),
(702, '2021-07-30', 'b', 'morning', 50000, 5, 1),
(703, '2021-07-31', 'b', 'morning', 50000, 5, 1),
(704, '2021-08-01', 'b', 'morning', 50000, 5, 1),
(705, '2021-08-02', 'b', 'morning', 50000, 5, 1),
(706, '2021-08-03', 'b', 'morning', 50000, 5, 1),
(707, '2021-08-04', 'b', 'morning', 50000, 5, 1),
(708, '2021-08-05', 'b', 'morning', 50000, 5, 1),
(709, '2021-08-06', 'b', 'morning', 50000, 5, 1),
(710, '2021-08-07', 'b', 'morning', 50000, 5, 1),
(711, '2021-08-08', 'b', 'morning', 50000, 5, 1),
(712, '2021-08-09', 'b', 'morning', 50000, 5, 1),
(713, '2021-08-10', 'b', 'morning', 50000, 5, 1),
(714, '2021-08-11', 'b', 'morning', 50000, 5, 1),
(715, '2021-08-12', 'b', 'morning', 50000, 5, 1),
(716, '2021-08-13', 'b', 'morning', 50000, 5, 1),
(717, '2021-08-14', 'b', 'morning', 50000, 5, 1),
(718, '2021-08-15', 'b', 'morning', 50000, 5, 1),
(719, '2021-08-16', 'b', 'morning', 50000, 5, 1),
(720, '2021-08-17', 'b', 'morning', 50000, 5, 1),
(721, '2021-08-18', 'b', 'morning', 50000, 5, 1),
(722, '2021-08-19', 'b', 'morning', 50000, 5, 1),
(723, '2021-08-20', 'b', 'morning', 50000, 5, 1),
(724, '2021-08-21', 'b', 'morning', 50000, 5, 1),
(725, '2021-08-22', 'b', 'morning', 50000, 5, 1),
(726, '2021-08-23', 'b', 'morning', 50000, 5, 1),
(727, '2021-08-24', 'b', 'morning', 50000, 5, 1),
(728, '2021-08-25', 'b', 'morning', 50000, 5, 1),
(729, '2021-08-26', 'b', 'morning', 50000, 5, 1),
(730, '2021-08-27', 'b', 'morning', 50000, 5, 1),
(731, '2021-08-28', 'b', 'morning', 50000, 5, 1),
(732, '2021-08-29', 'b', 'morning', 50000, 5, 1),
(733, '2021-08-30', 'b', 'morning', 50000, 5, 1),
(734, '2021-08-31', 'b', 'morning', 50000, 5, 1),
(735, '2021-09-01', 'b', 'morning', 50000, 5, 1),
(736, '2021-09-02', 'b', 'morning', 50000, 5, 1),
(737, '2021-09-03', 'b', 'morning', 50000, 5, 1),
(738, '2021-09-04', 'b', 'morning', 50000, 5, 1),
(739, '2021-09-05', 'b', 'morning', 50000, 5, 1),
(740, '2021-09-06', 'b', 'morning', 50000, 5, 1),
(741, '2021-09-07', 'b', 'morning', 50000, 5, 1),
(742, '2021-09-08', 'b', 'morning', 50000, 5, 1),
(743, '2021-09-09', 'b', 'morning', 50000, 5, 1),
(744, '2021-09-10', 'b', 'morning', 50000, 5, 1),
(745, '2021-09-11', 'b', 'morning', 50000, 5, 1),
(746, '2021-09-12', 'b', 'morning', 50000, 5, 1),
(747, '2021-09-13', 'b', 'morning', 50000, 5, 1),
(748, '2021-09-14', 'b', 'morning', 50000, 5, 1),
(749, '2021-09-15', 'b', 'morning', 50000, 5, 1),
(750, '2021-09-16', 'b', 'morning', 50000, 5, 1),
(751, '2021-09-17', 'b', 'morning', 50000, 5, 1),
(752, '2021-09-18', 'b', 'morning', 50000, 5, 1),
(753, '2021-09-19', 'b', 'morning', 50000, 5, 1),
(754, '2021-09-20', 'b', 'morning', 50000, 5, 1),
(755, '2021-09-21', 'b', 'morning', 50000, 5, 1),
(756, '2021-09-22', 'b', 'morning', 50000, 5, 1),
(757, '2021-09-23', 'b', 'morning', 50000, 5, 1),
(758, '2021-09-24', 'b', 'morning', 50000, 5, 1),
(759, '2021-09-25', 'b', 'morning', 50000, 5, 1),
(760, '2021-09-26', 'b', 'morning', 50000, 5, 1),
(761, '2021-09-27', 'b', 'morning', 50000, 5, 1),
(762, '2021-09-28', 'b', 'morning', 50000, 5, 1),
(763, '2021-09-29', 'b', 'morning', 50000, 5, 1),
(764, '2021-09-30', 'b', 'morning', 50000, 5, 1),
(765, '2021-10-01', 'b', 'morning', 50000, 5, 1),
(766, '2021-10-02', 'b', 'morning', 50000, 5, 1),
(767, '2021-10-03', 'b', 'morning', 50000, 5, 1),
(768, '2021-10-04', 'b', 'morning', 50000, 5, 1),
(769, '2021-10-05', 'b', 'morning', 50000, 5, 1),
(770, '2021-10-06', 'b', 'morning', 50000, 5, 1),
(771, '2021-10-07', 'b', 'morning', 50000, 5, 1),
(772, '2021-10-08', 'b', 'morning', 50000, 5, 1),
(773, '2021-10-09', 'b', 'morning', 50000, 5, 1),
(774, '2021-10-10', 'b', 'morning', 50000, 5, 1),
(775, '2021-10-11', 'b', 'morning', 50000, 5, 1),
(776, '2021-10-12', 'b', 'morning', 50000, 5, 1),
(777, '2021-10-13', 'b', 'morning', 50000, 5, 1),
(778, '2021-10-14', 'b', 'morning', 50000, 5, 1),
(779, '2021-10-15', 'b', 'morning', 50000, 5, 1),
(780, '2021-10-16', 'b', 'morning', 50000, 5, 1),
(781, '2021-10-17', 'b', 'morning', 50000, 5, 1),
(782, '2021-10-18', 'b', 'morning', 50000, 5, 1),
(783, '2021-10-19', 'b', 'morning', 50000, 5, 1),
(784, '2021-10-20', 'b', 'morning', 50000, 5, 1),
(785, '2021-10-21', 'b', 'morning', 50000, 5, 1),
(786, '2021-10-22', 'b', 'morning', 50000, 5, 1),
(787, '2021-10-23', 'b', 'morning', 50000, 5, 1),
(788, '2021-10-24', 'b', 'morning', 50000, 5, 1),
(789, '2021-10-25', 'b', 'morning', 50000, 5, 1),
(790, '2021-10-26', 'b', 'morning', 50000, 5, 1),
(791, '2021-10-27', 'b', 'morning', 50000, 5, 1),
(792, '2021-10-28', 'b', 'morning', 50000, 5, 1),
(793, '2021-10-29', 'b', 'morning', 50000, 5, 1),
(794, '2021-10-30', 'b', 'morning', 50000, 5, 1),
(795, '2021-10-31', 'b', 'morning', 50000, 5, 1),
(796, '2021-11-01', 'b', 'morning', 50000, 5, 1),
(797, '2021-11-02', 'b', 'morning', 50000, 5, 1),
(798, '2021-11-03', 'b', 'morning', 50000, 5, 1),
(799, '2021-11-04', 'b', 'morning', 50000, 5, 1),
(800, '2021-11-05', 'b', 'morning', 50000, 5, 1),
(801, '2021-11-06', 'b', 'morning', 50000, 5, 1),
(802, '2021-11-07', 'b', 'morning', 50000, 5, 1),
(803, '2021-11-08', 'b', 'morning', 50000, 5, 1),
(804, '2021-11-09', 'b', 'morning', 50000, 5, 1),
(805, '2021-11-10', 'b', 'morning', 50000, 5, 1),
(806, '2021-11-11', 'b', 'morning', 50000, 5, 1),
(807, '2021-11-12', 'b', 'morning', 50000, 5, 1),
(808, '2021-11-13', 'b', 'morning', 50000, 5, 1),
(809, '2021-11-14', 'b', 'morning', 50000, 5, 1),
(810, '2021-11-15', 'b', 'morning', 50000, 5, 1),
(811, '2021-11-16', 'b', 'morning', 50000, 5, 1),
(812, '2021-11-17', 'b', 'morning', 50000, 5, 1),
(813, '2021-11-18', 'b', 'morning', 50000, 5, 1),
(814, '2021-11-19', 'b', 'morning', 50000, 5, 1),
(815, '2021-11-20', 'b', 'morning', 50000, 5, 1),
(816, '2021-11-21', 'b', 'morning', 50000, 5, 1),
(817, '2021-11-22', 'b', 'morning', 50000, 5, 1),
(818, '2021-11-23', 'b', 'morning', 50000, 5, 1),
(819, '2021-11-24', 'b', 'morning', 50000, 5, 1),
(820, '2021-11-25', 'b', 'morning', 50000, 5, 1),
(821, '2021-11-26', 'b', 'morning', 50000, 5, 1),
(822, '2021-11-27', 'b', 'morning', 50000, 5, 1),
(823, '2021-11-28', 'b', 'morning', 50000, 5, 1),
(824, '2021-11-29', 'b', 'morning', 50000, 5, 1),
(825, '2021-11-30', 'b', 'morning', 50000, 5, 1),
(826, '2021-12-01', 'b', 'morning', 50000, 5, 1),
(827, '2021-12-02', 'b', 'morning', 50000, 5, 1),
(828, '2021-12-03', 'b', 'morning', 50000, 5, 1),
(829, '2021-12-04', 'b', 'morning', 50000, 5, 1),
(830, '2021-12-05', 'b', 'morning', 50000, 5, 1),
(831, '2021-12-06', 'b', 'morning', 50000, 5, 1),
(832, '2021-12-07', 'b', 'morning', 50000, 5, 1),
(833, '2021-12-08', 'b', 'morning', 50000, 5, 1),
(834, '2021-12-09', 'b', 'morning', 50000, 5, 1),
(835, '2021-12-10', 'b', 'morning', 50000, 5, 1),
(836, '2021-12-11', 'b', 'morning', 50000, 5, 1),
(837, '2021-12-12', 'b', 'morning', 50000, 5, 1),
(838, '2021-12-13', 'b', 'morning', 50000, 5, 1),
(839, '2021-12-14', 'b', 'morning', 50000, 5, 1),
(840, '2021-12-15', 'b', 'morning', 50000, 5, 1),
(841, '2021-12-16', 'b', 'morning', 50000, 5, 1),
(842, '2021-12-17', 'b', 'morning', 50000, 5, 1),
(843, '2021-12-18', 'b', 'morning', 50000, 5, 1),
(844, '2021-12-19', 'b', 'morning', 50000, 5, 1),
(845, '2021-12-20', 'b', 'morning', 50000, 5, 1),
(846, '2021-12-21', 'b', 'morning', 50000, 5, 1),
(847, '2021-12-22', 'b', 'morning', 50000, 5, 1),
(848, '2021-12-23', 'b', 'morning', 50000, 5, 1),
(849, '2021-12-24', 'b', 'morning', 50000, 5, 1),
(850, '2021-12-25', 'b', 'morning', 50000, 5, 1),
(851, '2021-12-26', 'b', 'morning', 50000, 5, 1),
(852, '2021-12-27', 'b', 'morning', 50000, 5, 1),
(853, '2021-12-28', 'b', 'morning', 50000, 5, 1),
(854, '2021-12-29', 'b', 'morning', 50000, 5, 1),
(855, '2021-12-30', 'b', 'morning', 50000, 5, 1),
(856, '2021-12-31', 'b', 'morning', 50000, 5, 1),
(857, '2021-06-22', 'a', 'morning', 100000, 9, 2),
(858, '2021-06-22', 'a', 'evening', 200000, 9, 2),
(859, '2021-06-22', 'b', 'morning', 250000, 9, 2),
(860, '2021-06-22', 'b', 'evening', 300000, 9, 2),
(861, '2021-06-11', 'b', 'evening', 70000, 9, 2),
(862, '2021-06-11', 'b', 'morning', 50000, 9, 2),
(863, '2021-06-11', 'a', 'evening', 140000, 9, 2),
(864, '2021-06-11', 'a', 'morning', 100000, 9, 2),
(865, '2021-01-01', 'b', 'evening', 10000, 9, 2),
(866, '2021-01-01', 'b', 'morning', 210000, 9, 2),
(867, '2021-01-01', 'a', 'evening', 150000, 9, 2),
(868, '2021-01-01', 'a', 'morning', 16000, 9, 2),
(869, '2021-06-15', 'b', 'evening', 700, 9, 2),
(870, '2021-06-15', 'b', 'morning', 800, 9, 2),
(871, '2021-06-15', 'a', 'evening', 900, 9, 2),
(872, '2021-06-15', 'a', 'morning', 90, 9, 2),
(873, '2021-04-09', 'a', 'morning', 44, 9, 2),
(874, '2021-04-09', 'a', 'evening', 33, 9, 2),
(875, '2021-04-09', 'b', 'morning', 222, 9, 2),
(876, '2021-04-09', 'b', 'evening', 11, 9, 2),
(877, '2021-04-10', 'b', 'evening', 2, 9, 2),
(878, '2021-04-10', 'b', 'morning', 44, 9, 2),
(879, '2021-04-10', 'a', 'evening', 55, 9, 2),
(880, '2021-05-01', 'a ', 'evening', 140000, 9, 2),
(881, '2021-05-02', 'a ', 'evening', 140000, 9, 2),
(882, '2021-05-03', 'a ', 'evening', 140000, 9, 2),
(883, '2021-05-04', 'a ', 'evening', 140000, 9, 2),
(884, '2021-05-05', 'a ', 'evening', 140000, 9, 2),
(885, '2021-05-06', 'a ', 'evening', 140000, 9, 2),
(886, '2021-05-07', 'a ', 'evening', 140000, 9, 2),
(887, '2021-05-08', 'a ', 'evening', 140000, 9, 2),
(888, '2021-05-09', 'a ', 'evening', 140000, 9, 2),
(889, '2021-05-10', 'a ', 'evening', 140000, 9, 2),
(890, '2021-05-11', 'a ', 'evening', 140000, 9, 2),
(891, '2021-05-12', 'a ', 'evening', 140000, 9, 2),
(892, '2021-05-13', 'a ', 'evening', 140000, 9, 2),
(893, '2021-05-14', 'a ', 'evening', 140000, 9, 2),
(894, '2021-05-15', 'a ', 'evening', 140000, 9, 2),
(895, '2021-05-16', 'a ', 'evening', 140000, 9, 2),
(896, '2021-05-17', 'a ', 'evening', 140000, 9, 2),
(897, '2021-05-18', 'a ', 'evening', 140000, 9, 2),
(898, '2021-05-19', 'a ', 'evening', 140000, 9, 2),
(899, '2021-05-20', 'a ', 'evening', 140000, 9, 2),
(900, '2021-05-21', 'a ', 'evening', 140000, 9, 2),
(901, '2021-05-22', 'a ', 'evening', 140000, 9, 2),
(902, '2021-05-23', 'a ', 'evening', 140000, 9, 2),
(903, '2021-05-24', 'a ', 'evening', 140000, 9, 2),
(904, '2021-05-25', 'a ', 'evening', 140000, 9, 2),
(905, '2021-05-26', 'a ', 'evening', 140000, 9, 2),
(906, '2021-05-27', 'a ', 'evening', 140000, 9, 2),
(907, '2021-05-28', 'a ', 'evening', 140000, 9, 2),
(908, '2021-05-29', 'a ', 'evening', 140000, 9, 2),
(909, '2021-05-30', 'a ', 'evening', 140000, 9, 2),
(910, '2021-05-31', 'a ', 'evening', 140000, 9, 2),
(911, '2021-06-01', 'a ', 'evening', 140000, 9, 2),
(912, '2021-06-02', 'a ', 'evening', 140000, 9, 2),
(913, '2021-06-03', 'a ', 'evening', 140000, 9, 2),
(914, '2021-06-04', 'a ', 'evening', 140000, 9, 2),
(915, '2021-06-05', 'a ', 'evening', 140000, 9, 2),
(916, '2021-06-06', 'a ', 'evening', 140000, 9, 2),
(917, '2021-06-07', 'a ', 'evening', 140000, 9, 2),
(918, '2021-06-08', 'a ', 'evening', 140000, 9, 2),
(919, '2021-06-09', 'a ', 'evening', 140000, 9, 2),
(920, '2021-06-10', 'a ', 'evening', 140000, 9, 2),
(921, '2021-06-11', 'a ', 'evening', 140000, 9, 2),
(922, '2021-06-12', 'a ', 'evening', 140000, 9, 2),
(923, '2021-06-13', 'a ', 'evening', 140000, 9, 2),
(924, '2021-06-14', 'a ', 'evening', 140000, 9, 2),
(925, '2021-06-15', 'a ', 'evening', 140000, 9, 2),
(926, '2021-06-16', 'a ', 'evening', 140000, 9, 2),
(927, '2021-06-17', 'a ', 'evening', 140000, 9, 2),
(928, '2021-06-18', 'a ', 'evening', 140000, 9, 2),
(929, '2021-06-19', 'a ', 'evening', 140000, 9, 2),
(930, '2021-06-20', 'a ', 'evening', 140000, 9, 2),
(931, '2021-06-21', 'a ', 'evening', 140000, 9, 2),
(932, '2021-06-22', 'a ', 'evening', 140000, 9, 2),
(933, '2021-06-23', 'a ', 'evening', 140000, 9, 2),
(934, '2021-06-24', 'a ', 'evening', 140000, 9, 2),
(935, '2021-06-25', 'a ', 'evening', 140000, 9, 2),
(936, '2021-06-26', 'a ', 'evening', 140000, 9, 2),
(937, '2021-06-27', 'a ', 'evening', 140000, 9, 2),
(938, '2021-06-28', 'a ', 'evening', 140000, 9, 2),
(939, '2021-06-29', 'a ', 'evening', 140000, 9, 2),
(940, '2021-06-30', 'a ', 'evening', 140000, 9, 2),
(941, '2021-07-01', 'a ', 'evening', 140000, 9, 2),
(942, '2021-07-02', 'a ', 'evening', 140000, 9, 2),
(943, '2021-07-03', 'a ', 'evening', 140000, 9, 2),
(944, '2021-07-04', 'a ', 'evening', 140000, 9, 2),
(945, '2021-07-05', 'a ', 'evening', 140000, 9, 2),
(946, '2021-07-06', 'a ', 'evening', 140000, 9, 2),
(947, '2021-07-07', 'a ', 'evening', 140000, 9, 2),
(948, '2021-07-08', 'a ', 'evening', 140000, 9, 2),
(949, '2021-07-09', 'a ', 'evening', 140000, 9, 2),
(950, '2021-07-10', 'a ', 'evening', 140000, 9, 2),
(951, '2021-07-11', 'a ', 'evening', 140000, 9, 2),
(952, '2021-07-12', 'a ', 'evening', 140000, 9, 2),
(953, '2021-07-13', 'a ', 'evening', 140000, 9, 2),
(954, '2021-07-14', 'a ', 'evening', 140000, 9, 2),
(955, '2021-07-15', 'a ', 'evening', 140000, 9, 2),
(956, '2021-07-16', 'a ', 'evening', 140000, 9, 2),
(957, '2021-07-17', 'a ', 'evening', 140000, 9, 2),
(958, '2021-07-18', 'a ', 'evening', 140000, 9, 2),
(959, '2021-07-19', 'a ', 'evening', 140000, 9, 2),
(960, '2021-07-20', 'a ', 'evening', 140000, 9, 2),
(961, '2021-07-21', 'a ', 'evening', 140000, 9, 2),
(962, '2021-07-22', 'a ', 'evening', 140000, 9, 2),
(963, '2021-07-23', 'a ', 'evening', 140000, 9, 2),
(964, '2021-07-24', 'a ', 'evening', 140000, 9, 2),
(965, '2021-07-25', 'a ', 'evening', 140000, 9, 2),
(966, '2021-07-26', 'a ', 'evening', 140000, 9, 2),
(967, '2021-07-27', 'a ', 'evening', 140000, 9, 2),
(968, '2021-07-28', 'a ', 'evening', 140000, 9, 2),
(969, '2021-07-29', 'a ', 'evening', 140000, 9, 2),
(970, '2021-07-30', 'a ', 'evening', 140000, 9, 2),
(971, '2021-07-31', 'a ', 'evening', 140000, 9, 2),
(972, '2021-08-01', 'a ', 'evening', 140000, 9, 2),
(973, '2021-08-02', 'a ', 'evening', 140000, 9, 2),
(974, '2021-08-03', 'a ', 'evening', 140000, 9, 2),
(975, '2021-08-04', 'a ', 'evening', 140000, 9, 2),
(976, '2021-08-05', 'a ', 'evening', 140000, 9, 2),
(977, '2021-08-06', 'a ', 'evening', 140000, 9, 2),
(978, '2021-08-07', 'a ', 'evening', 140000, 9, 2),
(979, '2021-08-08', 'a ', 'evening', 140000, 9, 2),
(980, '2021-08-09', 'a ', 'evening', 140000, 9, 2),
(981, '2021-08-10', 'a ', 'evening', 140000, 9, 2),
(982, '2021-08-11', 'a ', 'evening', 140000, 9, 2),
(983, '2021-08-12', 'a ', 'evening', 140000, 9, 2),
(984, '2021-08-13', 'a ', 'evening', 140000, 9, 2),
(985, '2021-08-14', 'a ', 'evening', 140000, 9, 2),
(986, '2021-08-15', 'a ', 'evening', 140000, 9, 2),
(987, '2021-08-16', 'a ', 'evening', 140000, 9, 2),
(988, '2021-08-17', 'a ', 'evening', 140000, 9, 2),
(989, '2021-08-18', 'a ', 'evening', 140000, 9, 2),
(990, '2021-08-19', 'a ', 'evening', 140000, 9, 2),
(991, '2021-08-20', 'a ', 'evening', 140000, 9, 2),
(992, '2021-08-21', 'a ', 'evening', 140000, 9, 2),
(993, '2021-08-22', 'a ', 'evening', 140000, 9, 2),
(994, '2021-08-23', 'a ', 'evening', 140000, 9, 2),
(995, '2021-08-24', 'a ', 'evening', 140000, 9, 2),
(996, '2021-08-25', 'a ', 'evening', 140000, 9, 2),
(997, '2021-08-26', 'a ', 'evening', 140000, 9, 2),
(998, '2021-08-27', 'a ', 'evening', 140000, 9, 2),
(999, '2021-08-28', 'a ', 'evening', 140000, 9, 2),
(1000, '2021-08-29', 'a ', 'evening', 140000, 9, 2),
(1001, '2021-08-30', 'a ', 'evening', 140000, 9, 2),
(1002, '2021-08-31', 'a ', 'evening', 140000, 9, 2);

-- --------------------------------------------------------

--
-- Table structure for table `cashin`
--

CREATE TABLE `cashin` (
  `id` int(11) NOT NULL,
  `cashin_no` varchar(100) NOT NULL,
  `Description` varchar(156) DEFAULT NULL,
  `price` int(11) NOT NULL,
  `recept_id` varchar(100) NOT NULL,
  `hall_id` int(11) DEFAULT NULL,
  `created_at` date NOT NULL DEFAULT current_timestamp()
) ENGINE=InnoDB DEFAULT CHARSET=utf8mb4;

--
-- Dumping data for table `cashin`
--

INSERT INTO `cashin` (`id`, `cashin_no`, `Description`, `price`, `recept_id`, `hall_id`, `created_at`) VALUES
(12, 'CI-1705-2021', 'Booking Advance', 20000, 'HMS-SM-1005', 1, '2021-05-31'),
(13, 'CI-7745-2021', 'Booking Advance', 2333, 'HMS-VC-1021', 2, '2021-01-02'),
(14, 'CI-7583-2021', 'Booking Advance', 222, 'HMS-VC-1022', 2, '2021-01-01'),
(15, 'CI-9300-2021', 'Booking Advance', 0, 'HMS-VC-1028', 2, '2021-06-03'),
(16, 'CI-9819-2021', 'Booking Advance', 0, 'HMS-VC-1025', 2, '2021-06-03'),
(17, 'CI-8570-2021', 'Booking Advance', 10000, 'HMS-SM-1036', 1, '2021-06-04'),
(19, 'CI-4073-2021', 'Booking Advance', 0, 'HMS-VC-1031', 2, '2021-06-05'),
(20, 'CI-8988-2021', 'Booking Advance', 15000, 'HMS-SM-1048', 1, '2021-06-05'),
(23, 'CI-551-2021', 'Package cold drink', 2100, 'HMS-VC-1017', 2, '2021-06-05'),
(24, 'CI-2820-2021', 'Package cold drink', 1000, 'HMS-VC-1024', 2, '2021-06-05'),
(25, 'CI-9854-2021', 'Booking Advance', 20000, 'HMS-VC-1053', 2, '2021-06-09'),
(26, 'CI-9913-2021', 'Package cold drink', 14000, 'HMS-VC-1053', 2, '2021-06-09'),
(27, 'CI-7734-2021', 'Booking Partial Payment', 50000, 'HMS-VC-1053', 2, '2021-06-09'),
(28, 'CI-3052-2021', 'Package new', 40, 'HMS-VC-1054', 2, '2021-06-11');

-- --------------------------------------------------------

--
-- Table structure for table `cashout`
--

CREATE TABLE `cashout` (
  `id` int(11) NOT NULL,
  `cashout_no` varchar(100) COLLATE utf8mb4_unicode_ci NOT NULL,
  `bill_no` varchar(100) COLLATE utf8mb4_unicode_ci DEFAULT NULL,
  `description` varchar(225) COLLATE utf8mb4_unicode_ci NOT NULL,
  `priority` tinyint(1) NOT NULL DEFAULT 1 COMMENT '1=low , 2=medium, 3=high',
  `amount` int(11) DEFAULT NULL,
  `providby` varchar(50) COLLATE utf8mb4_unicode_ci DEFAULT NULL,
  `status` tinyint(1) NOT NULL DEFAULT 0 COMMENT '0 =not_approved,1 = approved',
  `hallid` int(11) NOT NULL,
  `userid` int(11) NOT NULL,
  `created_at` date NOT NULL DEFAULT current_timestamp()
) ENGINE=InnoDB DEFAULT CHARSET=utf8mb4 COLLATE=utf8mb4_unicode_ci;

--
-- Dumping data for table `cashout`
--

INSERT INTO `cashout` (`id`, `cashout_no`, `bill_no`, `description`, `priority`, `amount`, `providby`, `status`, `hallid`, `userid`, `created_at`) VALUES
(2, 'CO-2739-2021', 'U-3192-2021', 'ves', 2, 2323, NULL, 1, 2, 8, '2021-01-01'),
(3, 'CO-8891-2021', 'U-4157-2021', 'ves', 2, 222, NULL, 1, 2, 8, '2021-01-02'),
(4, 'CO-9628-2021', 'U-5950-2021', 'ves', 2, 23, NULL, 1, 2, 8, '2021-01-03'),
(5, 'CO-9549-2021', 'M-6347-2021', 'dsfdsfsdfsdfs', 2, 34, NULL, 1, 2, 8, '2021-01-04'),
(6, 'CO-7870-2021', 'M-920-2021', 'ves', 2, 343, NULL, 1, 2, 8, '2021-01-05'),
(7, 'CO-1739-2021', 'P-8670-2021', 'sfsdfsd', 3, 3423, NULL, 1, 2, 8, '2021-01-06'),
(8, 'CO-2227-2021', 'P-9681-2021', 'asd', 1, 3434, NULL, 1, 2, 8, '2021-01-07'),
(9, 'CO-4776-2021', 'CO-4776-2021', 'asasd', 1, 333, 'sad', 1, 2, 8, '2021-01-08'),
(10, 'CO-5921-2021', 'CO-5921-2021', 'adsd', 1, 11, 'sss', 1, 2, 8, '2021-01-09'),
(17, 'CO-3062-2021', 'HMS-VC-1021', 'Package Return Amount From col drink', 3, 440, 'Manager', 1, 2, 8, '2021-01-10'),
(18, 'CO-9652-2021', 'HMS-VC-1017', 'Package Return Amount From cold drink', 3, 480, 'Manager', 1, 2, 8, '2021-06-05'),
(19, 'CO-4067-2021', 'HMS-VC-1024', 'Package Return Amount From cold drink', 3, 2400, 'Manager', 1, 2, 8, '2021-06-05'),
(20, 'CO-884-2021', 'P-9681-2021', 'asd', 1, 3434, NULL, 1, 2, 8, '2021-06-09'),
(21, 'CO-5713-2021', 'P-8670-2021', 'sfsdfsd', 3, 3423, NULL, 1, 2, 8, '2021-06-09'),
(22, 'CO-1932-2021', 'U-3049-2021', 'KE bill', 2, 37000, NULL, 1, 2, 8, '2021-06-09');

-- --------------------------------------------------------

--
-- Table structure for table `cashout_img`
--

CREATE TABLE `cashout_img` (
  `id` int(11) NOT NULL,
  `recept_no` int(11) NOT NULL,
  `image_name` varchar(100) COLLATE utf8mb4_unicode_ci NOT NULL,
  `image_description` varchar(255) COLLATE utf8mb4_unicode_ci DEFAULT NULL,
  `image_status` varchar(20) COLLATE utf8mb4_unicode_ci NOT NULL DEFAULT 'Enable',
  `image_createtime` timestamp NOT NULL DEFAULT current_timestamp()
) ENGINE=InnoDB DEFAULT CHARSET=utf8mb4 COLLATE=utf8mb4_unicode_ci;

-- --------------------------------------------------------

--
-- Table structure for table `department`
--

CREATE TABLE `department` (
  `id` int(30) NOT NULL,
  `name` text NOT NULL,
  `hallid` int(11) NOT NULL
) ENGINE=InnoDB DEFAULT CHARSET=utf8mb4;

--
-- Dumping data for table `department`
--

INSERT INTO `department` (`id`, `name`, `hallid`) VALUES
(1, 'Account & Finance', 1),
(2, 'Management', 1),
(4, 'Janitorial', 1),
(5, 'Security', 1),
(7, 'Maintenance', 1),
(8, 'new ves', 2);

-- --------------------------------------------------------

--
-- Table structure for table `employee`
--

CREATE TABLE `employee` (
  `id` int(20) NOT NULL,
  `employee_no` varchar(100) NOT NULL,
  `firstname` varchar(50) NOT NULL,
  `middlename` varchar(20) NOT NULL,
  `lastname` varchar(50) NOT NULL,
  `department_id` int(30) NOT NULL,
  `position_id` int(30) NOT NULL,
  `salary` double NOT NULL,
  `Email` varchar(100) DEFAULT NULL,
  `cnic` varchar(25) DEFAULT NULL,
  `contact` varchar(20) DEFAULT NULL,
  `address` varchar(100) DEFAULT NULL,
  `emergency_contact` varchar(20) DEFAULT NULL,
  `responsiblity` varchar(255) DEFAULT NULL,
  `status` tinyint(1) NOT NULL COMMENT '	0 =inactive,1 = active',
  `hallid` int(11) NOT NULL,
  `userid` int(11) NOT NULL,
  `crested_at` datetime NOT NULL DEFAULT current_timestamp()
) ENGINE=InnoDB DEFAULT CHARSET=latin1;

--
-- Dumping data for table `employee`
--

INSERT INTO `employee` (`id`, `employee_no`, `firstname`, `middlename`, `lastname`, `department_id`, `position_id`, `salary`, `Email`, `cnic`, `contact`, `address`, `emergency_contact`, `responsiblity`, `status`, `hallid`, `userid`, `crested_at`) VALUES
(5, '2021-7291', 'Moazzam', '', '', 2, 2, 30000, '', '42101-9039246-1', '0345 211 9992', 'house A-596 Block ', '03452119992', '', 1, 1, 6, '2021-05-31 00:38:24'),
(6, '2021-2104', 'Shabeer', 'Ahmed', '', 2, 4, 25000, '', '42101-6802964-9', '0322 221 1043', '3rd Floor C-13 Anaar Gali Apartment ', '0334 337 7497', '', 1, 1, 6, '2021-05-31 00:38:24'),
(7, '2021-3455', 'Khurram', 'Jalil', '', 2, 3, 25000, '', '', '0321 261 6292', '', '', '', 1, 1, 6, '2021-05-31 00:38:24'),
(8, '2021-161', 'Raheel', '', '', 2, 5, 17000, '', '', '0308 513 3388', '', '', '', 1, 1, 6, '2021-05-31 00:38:24'),
(9, '2021-9463', 'Suliman', 'Panhwar', '', 4, 6, 18000, '', '41202-3273027-9', '0302 969 6657', '', '', '', 1, 1, 6, '2021-05-31 00:38:24'),
(10, '2021-1903', 'Haroon', '', '', 4, 7, 20000, '', '', '0316 103 7155', '', '', '', 1, 1, 6, '2021-05-31 00:38:24'),
(11, '2021-8458', 'Yaseen', '', '', 5, 8, 3000, '', '', '', '', '', '', 1, 1, 6, '2021-05-31 00:38:24'),
(15, '2021-9063', 'hasnain', 'hasnain', 'hasnain', 8, 12, 43345, 'hasnain@ves-engr.com', '32234234', '23234234234', 'hasnain adress', '23423234', 'dfsdfs', 1, 2, 8, '2021-05-31 01:40:26');

-- --------------------------------------------------------

--
-- Table structure for table `halls`
--

CREATE TABLE `halls` (
  `id` int(11) NOT NULL,
  `hall_name` varchar(100) NOT NULL,
  `hall_address` varchar(100) NOT NULL,
  `created_at` timestamp NOT NULL DEFAULT current_timestamp()
) ENGINE=InnoDB DEFAULT CHARSET=utf8mb4;

--
-- Dumping data for table `halls`
--

INSERT INTO `halls` (`id`, `hall_name`, `hall_address`, `created_at`) VALUES
(1, 'Shahab Mehal', 'D-13, Block N, Near Sakhi Hassan Chorangi North Nazimabad, Karachi.', '2021-05-20 14:43:46'),
(2, 'Ves Comapny', 'D-13, Block N, Near Sakhi Hassan Chorangi North Nazimabad, Karachi.', '2021-05-31 05:05:08');

-- --------------------------------------------------------

--
-- Table structure for table `inquery`
--

CREATE TABLE `inquery` (
  `iquery_id` int(11) NOT NULL,
  `inquery_date` varchar(50) NOT NULL,
  `hijridate` varchar(50) NOT NULL,
  `personName` varchar(50) DEFAULT NULL,
  `personAddress` varchar(100) DEFAULT NULL,
  `personContact` varchar(50) DEFAULT NULL,
  `personCinc` varchar(20) DEFAULT NULL,
  `personEmail` varchar(20) DEFAULT NULL,
  `hallportion` varchar(5) DEFAULT NULL,
  `hall_shift` varchar(15) NOT NULL,
  `event_name` varchar(50) DEFAULT NULL,
  `estimated_cost` int(11) DEFAULT NULL,
  `totalGuest` int(11) DEFAULT NULL,
  `remarks` text NOT NULL,
  `currentTime` date NOT NULL DEFAULT current_timestamp(),
  `userCode` int(11) NOT NULL,
  `hall_code` int(11) NOT NULL
) ENGINE=InnoDB DEFAULT CHARSET=utf8mb4;

--
-- Dumping data for table `inquery`
--

INSERT INTO `inquery` (`iquery_id`, `inquery_date`, `hijridate`, `personName`, `personAddress`, `personContact`, `personCinc`, `personEmail`, `hallportion`, `hall_shift`, `event_name`, `estimated_cost`, `totalGuest`, `remarks`, `currentTime`, `userCode`, `hall_code`) VALUES
(4, '2021-03-02', '18-رَجَب-1442', 'khuirram', '56677', '02136629729', '', '', 'a', 'evening', 'valima', 15000, 350, '0', '2021-05-31', 2, 1),
(5, '2021-03-03', '19-رَجَب-1442', 'mohsin', 'a-640 karachi', '02136629729', '421011836271', '', 'a', 'evening', 'valima', 50, 500, '0', '2021-05-31', 2, 1),
(6, '2021-03-04', '20-رَجَب-1442', 'ahmed', 'a640', '02136629729', '', '', 'a', 'evening', 'valima', 50000, 500, '0', '2021-05-31', 2, 1),
(7, '2021-11-12', '06-رَبيع الثاني-1443', 'tariq', 'house no l .87 sec 5l2 noth karachi', '03442265908', '', '', 'a', 'evening', 'wedding', 120000, 300, '0', '2021-06-01', 2, 1),
(10, '2021-06-21', '11-ذوالقعدة-1442', 'SHAZAIB', 'B16 BLACK N NOTH NIZ KARACHI', '03002371460', '', '', 'a', 'evening', 'NIKHA', 120000, 250, '', '2021-06-02', 2, 1),
(11, '2021-11-26', '20-رَبيع الثاني-1443', 'SYED INSHA', 'HOUSE L.315 SEC 11.L NOTH NIZ', '03132149263', '', '', 'a', 'evening', 'wedding', 120000, 300, '', '2021-06-02', 2, 1),
(12, '2021-09-05', '27-مُحَرَّم-1443', 'ISMAIL', '1443 BLOCK 3 ALIABAD FB AREA KARACHI', '03209202101', '', '', 'a', 'evening', 'VALIMA', 75000, 300, '', '2021-06-02', 2, 1),
(13, '2021-10-10', '03-رَبيع الأوّل-1443', 'SAMEER', '', '03218918358', '', '', 'a', 'evening', 'VALIMA', 120000, 500, '', '2021-06-02', 2, 1),
(14, '2021-10-31', '24-رَبيع الأوّل-1443', 'KAMRAN', '', '03472738391', '', '', 'a', 'evening', 'VALIMA', 120000, 450, '', '2021-06-02', 2, 1),
(15, '2021-08-14', '05-مُحَرَّم-1443', 'UZAIR', '', '03162684092', '', '', 'a', 'evening', 'valima', 75000, 550, '', '2021-06-02', 2, 1),
(16, '2021-10-15', 'not available', 'Sarfaraz', '', '0300 251 5137', '', '', 'a', 'evening', 'Barat', 110000, 300, '', '2021-06-03', 6, 1),
(17, '2021-07-31', 'not available', 'Farhan jawaid', '', '0306 208 7800', '', '', 'b', 'evening', 'Valima', 60000, 150, '', '2021-06-03', 6, 1),
(18, '2021-07-11', '01-ذوالحجة-1442', 'zain', '', '03492778773', '', '', 'b', 'evening', 'wedding', 45000, 200, '', '2021-06-03', 2, 1),
(19, '2021-04-18', '06-رَمَضان-1442', 'khuirram jalil khan', 'gulshan e millat karachi', '', '421011836271', 'KHURRAM_KS2@HOTMAIL.', 'a', 'evening', 'NIKHA', 130000, 0, '', '2021-06-04', 1, 1),
(20, '2021-04-21', '09-رَمَضان-1442', 'khuirram', 'gulshane millat', '03212616292', '421011836271', 'KHURRAM_KS2@HOTMAIL.', 'a', 'evening', '', 120000, 300, '', '2021-06-04', 1, 1),
(21, '2021-04-20', '08-رَمَضان-1442', 'khuirram', 'shadman town n karachi', '03212616292', '421011836271', 'KHURRAM_KS2@HOTMAIL.', 'a', 'evening', '', 120000, 300, '', '2021-06-04', 1, 1),
(22, '2021-04-19', '07-رَمَضان-1442', 'ahmed', 'shadman town n. karachi', '03212616292', '421011836271', 'KHURRAM_KS2@HOTMAIL.', 'a', 'evening', 'birthday party', 90000, 300, '', '2021-06-04', 1, 1),
(23, '2021-04-22', '10-رَمَضان-1442', 'khuirram', 'shadman town north karachi', '03212616292', '421011836271', 'KHURRAM_KS2@HOTMAIL.', 'a', 'evening', 'VALIMA', 125000, 300, '', '2021-06-04', 1, 1),
(24, '2021-09-05', '27-مُحَرَّم-1443', 'noorulhuq', '', '03022199570', '', '', 'a', 'evening', '', 130000, 600, '120000 final', '2021-06-04', 1, 1),
(25, '2021-09-05', 'not available', 'Mohd. Noor ul Haq', 'Taiser town 50/C ', '03022199570', '4220104331185', '', 'a', 'evening', 'Shadi', 115000, 600, 'he request for baggi specialluy.... bagggi price 12000 quoted.    ', '2021-06-04', 1, 1),
(28, '2021-08-01', '22-ذوالحجة-1442', 'Faisal', 'B321 Block N, North Nazimabad Karachi', '03233130054 - 03008264355', '', '', 'a', 'evening', 'Wedding', 120000, 300, 'DOB: 22-03-2021', '2021-06-05', 6, 1),
(29, '2021-08-25', '16-مُحَرَّم-1443', 'Zawar', 'L75 Sector 5C-2, North Karachi', '03112867678 - 03362807652', '', '', 'a', 'evening', 'Wedding / Vallima', 65000, 300, '', '2021-06-05', 6, 1),
(30, '2021-08-28', '19-مُحَرَّم-1443', 'Imran', 'R332 Sector 15A-2, Bufferzone Karachi', '03132205226', '', '', 'a', 'evening', 'Wedding', 70000, 400, '', '2021-06-05', 6, 1),
(31, '2021-09-19', '11-صَفَر-1443', 'Asif', 'House# 12 street 3 Sector L1 Surjani town', '03413141567 - 03212475189', '', '', 'a', 'evening', 'Valima', 70000, 300, '', '2021-06-05', 6, 1),
(32, '2021-07-31', 'not available', 'Qamar Uz Zaman', '', '0322 265 6620', '', '', 'b', 'evening', 'Barat', 50000, 150, '', '2021-06-08', 6, 1),
(33, '2021-07-12', 'not available', 'Amir', '', '0300 255 1460', '', '', 'b', 'evening', 'Mangni', 60000, 150, '', '2021-06-08', 6, 1),
(35, '2021-10-22', 'not available', 'Arsalan', '', '0332 739 5194', '', '', 'a', 'evening', 'Barat', 120000, 300, '', '2021-06-09', 6, 1),
(36, '2021-07-31', 'not available', 'Sohail', '', '0313 2738627', '', '', '', '', 'valima', 110000, 300, '', '2021-06-10', 6, 1),
(37, '2021-07-04', 'not available', 'Bilal', '', '0315 830 9307', '', '', 'a', 'evening', 'Barat', 120000, 350, '', '2021-06-11', 6, 1),
(39, '2021-08-02', 'not available', 'Imtiaz Farooq', '', '0315 290 3230', '', '', 'a', 'evening', 'Barat', 135000, 350, '', '2021-06-12', 6, 1),
(40, '2021-07-24', 'not available', 'Siraj Hayat', '', '0333 223 7826', '', '', 'b', 'evening', 'Barat', 50000, 150, '', '2021-06-15', 6, 1);

-- --------------------------------------------------------

--
-- Table structure for table `maintenanace_img`
--

CREATE TABLE `maintenanace_img` (
  `id` int(11) NOT NULL,
  `recept_no` int(11) NOT NULL,
  `image_name` varchar(100) COLLATE utf8mb4_unicode_ci NOT NULL,
  `image_status` varchar(20) COLLATE utf8mb4_unicode_ci NOT NULL DEFAULT 'Enable',
  `image_createtime` timestamp NOT NULL DEFAULT current_timestamp(),
  `image_description` varchar(255) COLLATE utf8mb4_unicode_ci DEFAULT NULL
) ENGINE=InnoDB DEFAULT CHARSET=utf8mb4 COLLATE=utf8mb4_unicode_ci;

-- --------------------------------------------------------

--
-- Table structure for table `maintenance`
--

CREATE TABLE `maintenance` (
  `id` int(11) NOT NULL,
  `maintenance_no` varchar(100) COLLATE utf8mb4_unicode_ci NOT NULL,
  `description` varchar(225) COLLATE utf8mb4_unicode_ci NOT NULL,
  `resolution` varchar(225) COLLATE utf8mb4_unicode_ci NOT NULL,
  `assign` varchar(100) COLLATE utf8mb4_unicode_ci NOT NULL,
  `priority` tinyint(1) NOT NULL DEFAULT 1 COMMENT '1=low , 2=medium, 3=high',
  `owner_remarks` varchar(225) COLLATE utf8mb4_unicode_ci DEFAULT NULL,
  `status` tinyint(1) NOT NULL DEFAULT 0 COMMENT '0 =not_approved,1 = approved',
  `gen_cashout` tinyint(1) NOT NULL DEFAULT 0 COMMENT '0 =not_generate,1 = generate',
  `hallid` int(11) NOT NULL,
  `userid` int(11) NOT NULL,
  `created_at` date NOT NULL DEFAULT current_timestamp()
) ENGINE=InnoDB DEFAULT CHARSET=utf8mb4 COLLATE=utf8mb4_unicode_ci;

--
-- Dumping data for table `maintenance`
--

INSERT INTO `maintenance` (`id`, `maintenance_no`, `description`, `resolution`, `assign`, `priority`, `owner_remarks`, `status`, `gen_cashout`, `hallid`, `userid`, `created_at`) VALUES
(1, 'M-6347-2021', 'dsfdsfsdfsdfs', 'dsfsdfdf', 'sdsdfsd', 2, '', 0, 1, 2, 8, '2021-05-31'),
(2, 'M-920-2021', 'ves', 'sad', 'asd', 2, '', 0, 1, 2, 8, '2021-06-01');

-- --------------------------------------------------------

--
-- Table structure for table `packages`
--

CREATE TABLE `packages` (
  `packages_id` int(11) NOT NULL,
  `package_name` varchar(50) NOT NULL,
  `pkg_cost` int(10) NOT NULL,
  `return_price` int(6) NOT NULL,
  `hall_id` int(10) NOT NULL,
  `userCode` int(11) NOT NULL
) ENGINE=InnoDB DEFAULT CHARSET=utf8mb4;

--
-- Dumping data for table `packages`
--

INSERT INTO `packages` (`packages_id`, `package_name`, `pkg_cost`, `return_price`, `hall_id`, `userCode`) VALUES
(8, 'Entry-Follow Light', 10000, 10000, 1, 6),
(9, 'Background-Sound System', 10000, 10000, 1, 6),
(10, 'Mineral Water', 3000, 3000, 1, 6),
(12, 'Mineral Water(1.5ltr - Table service)', 100, 80, 1, 6),
(13, 'Buggy Entrance', 10000, 10000, 1, 6),
(14, 'Cold Drink (Crate)', 700, 480, 1, 6),
(15, 'Jhula For Mehndi', 10000, 10000, 1, 6),
(16, 'Fresh Flowers', 10000, 10000, 1, 6),
(17, 'cold drink', 700, 480, 2, 8),
(21, 'new', 20, 2000, 2, 8);

-- --------------------------------------------------------

--
-- Table structure for table `payroll`
--

CREATE TABLE `payroll` (
  `id` int(30) NOT NULL,
  `ref_no` text NOT NULL,
  `date_from` date NOT NULL,
  `date_to` date NOT NULL,
  `type` tinyint(1) NOT NULL COMMENT '1 = monthly ,2 semi-monthly',
  `status` tinyint(1) NOT NULL DEFAULT 0 COMMENT '0 =New,1 = computed',
  `hallid` int(11) NOT NULL,
  `userid` int(11) NOT NULL,
  `date_created` datetime NOT NULL DEFAULT current_timestamp()
) ENGINE=InnoDB DEFAULT CHARSET=utf8mb4;

--
-- Dumping data for table `payroll`
--

INSERT INTO `payroll` (`id`, `ref_no`, `date_from`, `date_to`, `type`, `status`, `hallid`, `userid`, `date_created`) VALUES
(3, '2021-7247', '2021-05-01', '2021-05-31', 1, 1, 2, 8, '2021-05-31 03:23:34'),
(4, '2021-6038', '2021-06-01', '2021-06-30', 1, 0, 2, 8, '2021-06-10 00:08:43');

-- --------------------------------------------------------

--
-- Table structure for table `payroll_items`
--

CREATE TABLE `payroll_items` (
  `id` int(30) NOT NULL,
  `payroll_id` int(30) NOT NULL,
  `employee_id` int(30) NOT NULL,
  `present` int(30) NOT NULL,
  `absent` int(10) NOT NULL,
  `late` text NOT NULL,
  `salary` double NOT NULL,
  `net` int(11) NOT NULL,
  `date_created` datetime NOT NULL DEFAULT current_timestamp(),
  `hallid` int(11) NOT NULL
) ENGINE=InnoDB DEFAULT CHARSET=utf8mb4;

--
-- Dumping data for table `payroll_items`
--

INSERT INTO `payroll_items` (`id`, `payroll_id`, `employee_id`, `present`, `absent`, `late`, `salary`, `net`, `date_created`, `hallid`) VALUES
(17, 3, 15, 0, 22, '0', 43345, 0, '2021-05-31 03:33:47', 2);

-- --------------------------------------------------------

--
-- Table structure for table `position`
--

CREATE TABLE `position` (
  `id` int(30) NOT NULL,
  `department_id` int(30) NOT NULL,
  `name` text NOT NULL,
  `hallid` int(11) NOT NULL
) ENGINE=InnoDB DEFAULT CHARSET=utf8mb4;

--
-- Dumping data for table `position`
--

INSERT INTO `position` (`id`, `department_id`, `name`, `hallid`) VALUES
(1, 1, 'Accountant', 1),
(2, 2, 'Senior Manager (Morning)', 1),
(3, 2, 'Senior Manager (Evening)', 1),
(4, 2, 'Manager (Morning)', 1),
(5, 2, 'Manager (Evening)', 1),
(6, 4, 'Floor Head', 1),
(7, 4, 'Sweeper', 1),
(8, 5, 'Guard', 1),
(9, 7, 'Electrical', 1),
(10, 7, 'Mechanical', 1),
(11, 8, 'new po', 2),
(12, 8, 'new po2', 2);

-- --------------------------------------------------------

--
-- Table structure for table `procurement`
--

CREATE TABLE `procurement` (
  `id` int(11) NOT NULL,
  `procurement_no` varchar(100) COLLATE utf8mb4_unicode_ci NOT NULL,
  `description` varchar(225) COLLATE utf8mb4_unicode_ci NOT NULL,
  `priority` tinyint(1) NOT NULL DEFAULT 1 COMMENT '1=low , 2=medium, 3=high',
  `amount` int(11) DEFAULT NULL,
  `supplier_name` varchar(50) COLLATE utf8mb4_unicode_ci DEFAULT NULL,
  `owner_remarks` varchar(225) COLLATE utf8mb4_unicode_ci DEFAULT NULL,
  `status` tinyint(1) NOT NULL DEFAULT 0 COMMENT '0 =not_approved,1 = approved',
  `gen_cashout` tinyint(1) NOT NULL DEFAULT 0 COMMENT '	0 =not_generate,1 = generate',
  `hallid` int(11) NOT NULL,
  `userid` int(11) NOT NULL,
  `created_at` date NOT NULL DEFAULT current_timestamp()
) ENGINE=InnoDB DEFAULT CHARSET=utf8mb4 COLLATE=utf8mb4_unicode_ci;

--
-- Dumping data for table `procurement`
--

INSERT INTO `procurement` (`id`, `procurement_no`, `description`, `priority`, `amount`, `supplier_name`, `owner_remarks`, `status`, `gen_cashout`, `hallid`, `userid`, `created_at`) VALUES
(1, 'P-8670-2021', 'sfsdfsd', 3, 3423, 'dsfsdf', '', 1, 1, 2, 8, '2021-05-31'),
(2, 'P-9681-2021', 'asd', 1, 3434, 'adsdas', '', 1, 1, 2, 8, '2021-06-01'),
(3, 'P-2184-2021', 'One PC + Printer for office ', 3, 45000, 'Shahzad Ahmed\r\nTechnocity tower II Chundrigar road', '', 0, 0, 1, 6, '2021-06-09'),
(4, 'P-7039-2021', 'asdasd', 1, 2324, '', '', 1, 0, 2, 8, '2021-06-09');

-- --------------------------------------------------------

--
-- Table structure for table `procurement_img`
--

CREATE TABLE `procurement_img` (
  `id` int(11) NOT NULL,
  `recept_no` int(11) NOT NULL,
  `image_name` varchar(100) COLLATE utf8mb4_unicode_ci NOT NULL,
  `image_description` varchar(255) COLLATE utf8mb4_unicode_ci DEFAULT NULL,
  `image_status` varchar(20) COLLATE utf8mb4_unicode_ci NOT NULL DEFAULT 'Enable',
  `image_createtime` timestamp NOT NULL DEFAULT current_timestamp()
) ENGINE=InnoDB DEFAULT CHARSET=utf8mb4 COLLATE=utf8mb4_unicode_ci;

--
-- Dumping data for table `procurement_img`
--

INSERT INTO `procurement_img` (`id`, `recept_no`, `image_name`, `image_description`, `image_status`, `image_createtime`) VALUES
(1, 3, 'WhatsApp Image 2021-06-08 at 8.00.19 PM.jpeg', 'for Nuc PC', 'Enable', '2021-06-09 05:10:09'),
(3, 3, 'WhatsApp Image 2021-06-08 at 8.00.08 PM.jpeg', NULL, 'Enable', '2021-06-09 05:10:48'),
(4, 4, 'bismillah-png-27380.png', 'bb\r\n', 'Enable', '2021-06-15 06:23:36'),
(5, 4, 'spider-man-vector-art-eh-1920x1080.jpg', NULL, 'Enable', '2021-06-15 06:23:37');

-- --------------------------------------------------------

--
-- Table structure for table `userrelation`
--

CREATE TABLE `userrelation` (
  `id` int(11) NOT NULL,
  `hall_id` int(11) NOT NULL,
  `user_id` int(11) NOT NULL,
  `created_at` timestamp NOT NULL DEFAULT current_timestamp()
) ENGINE=InnoDB DEFAULT CHARSET=utf8mb4;

--
-- Dumping data for table `userrelation`
--

INSERT INTO `userrelation` (`id`, `hall_id`, `user_id`, `created_at`) VALUES
(1, 1, 1, '2021-05-20 14:48:49'),
(2, 1, 2, '2021-05-20 14:49:00'),
(3, 1, 3, '2021-05-20 14:49:11'),
(4, 1, 4, '2021-05-20 14:49:20'),
(5, 1, 5, '2021-05-20 14:49:27'),
(6, 1, 6, '2021-05-28 10:26:52'),
(7, 1, 7, '2021-05-28 10:26:59'),
(8, 2, 8, '2021-05-31 05:13:52'),
(9, 2, 9, '2021-05-31 05:14:02');

-- --------------------------------------------------------

--
-- Table structure for table `users`
--

CREATE TABLE `users` (
  `id` int(11) NOT NULL,
  `name` varchar(200) COLLATE utf8mb4_unicode_ci NOT NULL,
  `address` text COLLATE utf8mb4_unicode_ci NOT NULL,
  `contact` text COLLATE utf8mb4_unicode_ci NOT NULL,
  `username` varchar(100) COLLATE utf8mb4_unicode_ci NOT NULL,
  `password` varchar(200) COLLATE utf8mb4_unicode_ci NOT NULL,
  `type` tinyint(1) NOT NULL DEFAULT 2 COMMENT '1=owner , 2=manager'
) ENGINE=InnoDB DEFAULT CHARSET=utf8mb4 COLLATE=utf8mb4_unicode_ci;

--
-- Dumping data for table `users`
--

INSERT INTO `users` (`id`, `name`, `address`, `contact`, `username`, `password`, `type`) VALUES
(1, 'Khurram', 'Khurram address', '0303030', 'Khurram@ves-engr.com', 'khurram123', 2),
(2, 'Raheel', 'Raheel address', '03030302', 'Raheel@ves-engr.com', 'raheel123', 2),
(3, 'Mohsin', 'Mohsin address', '03030302', 'Mohsin@ves-engr.com', 'mohsin123', 2),
(4, 'Mohsin', 'Mohsin address', '03030302', 'Mohsinowner@ves-engr.com', 'mohsin123', 1),
(5, 'Ahmed', 'Ahmed address', '03030302', 'Ahmed@ves-engr.com', 'ahmed123', 1),
(6, 'Moazzam', 'Moazzam address', '03030302', 'Moazzam@ves-engr.com', 'moazam123', 2),
(7, 'Moazzam', 'Moazzam address', '03030302', 'Moazzamowner@ves-engr.com', 'moazam123', 1),
(8, 'VES', 'VES address', '03030302', 'ves@ves-engr.com', 'vesengr123', 2),
(9, 'VES owner', 'VES owner address', '03030302', 'vesowner@ves-engr.com', 'vesengr123', 1);

-- --------------------------------------------------------

--
-- Table structure for table `utilities`
--

CREATE TABLE `utilities` (
  `id` int(11) NOT NULL,
  `utility_no` varchar(100) COLLATE utf8mb4_unicode_ci NOT NULL,
  `description` varchar(225) COLLATE utf8mb4_unicode_ci NOT NULL,
  `priority` tinyint(1) NOT NULL DEFAULT 1 COMMENT '1=low , 2=medium, 3=high',
  `owner_remarks` varchar(225) COLLATE utf8mb4_unicode_ci DEFAULT NULL,
  `status` tinyint(1) NOT NULL DEFAULT 0 COMMENT '0 =not_approved,1 = approved',
  `gen_cashout` tinyint(1) NOT NULL DEFAULT 0 COMMENT '	0 =not_generate,1 = generate',
  `hallid` int(11) NOT NULL,
  `userid` int(11) NOT NULL,
  `created_at` date NOT NULL DEFAULT current_timestamp(),
  `amount` int(11) DEFAULT NULL
) ENGINE=InnoDB DEFAULT CHARSET=utf8mb4 COLLATE=utf8mb4_unicode_ci;

--
-- Dumping data for table `utilities`
--

INSERT INTO `utilities` (`id`, `utility_no`, `description`, `priority`, `owner_remarks`, `status`, `gen_cashout`, `hallid`, `userid`, `created_at`, `amount`) VALUES
(1, 'U-4157-2021', 'ves', 2, '', 0, 1, 2, 8, '2021-05-31', 222),
(3, 'U-3192-2021', 'ves', 2, '', 0, 1, 2, 8, '2021-06-01', 2323),
(4, 'U-5950-2021', 'ves', 2, '', 0, 1, 2, 8, '2021-06-01', 23),
(5, 'U-3049-2021', 'KE bill', 2, '', 1, 1, 2, 8, '2021-06-09', 37000);

-- --------------------------------------------------------

--
-- Table structure for table `utility_img`
--

CREATE TABLE `utility_img` (
  `id` int(11) NOT NULL,
  `recept_no` int(11) NOT NULL,
  `image_name` varchar(100) COLLATE utf8mb4_unicode_ci NOT NULL,
  `image_description` varchar(255) COLLATE utf8mb4_unicode_ci DEFAULT NULL,
  `image_status` varchar(20) COLLATE utf8mb4_unicode_ci NOT NULL DEFAULT 'Enable',
  `image_createtime` timestamp NOT NULL DEFAULT current_timestamp()
) ENGINE=InnoDB DEFAULT CHARSET=utf8mb4 COLLATE=utf8mb4_unicode_ci;

--
-- Dumping data for table `utility_img`
--

INSERT INTO `utility_img` (`id`, `recept_no`, `image_name`, `image_description`, `image_status`, `image_createtime`) VALUES
(1, 5, '009.jpg', 'this is important sir \r\n', 'Enable', '2021-06-09 09:50:38');

-- --------------------------------------------------------

--
-- Table structure for table `venders`
--

CREATE TABLE `venders` (
  `id` int(11) NOT NULL,
  `vender_no` varchar(100) COLLATE utf8mb4_unicode_ci NOT NULL,
  `name` varchar(100) COLLATE utf8mb4_unicode_ci NOT NULL,
  `description` text COLLATE utf8mb4_unicode_ci NOT NULL,
  `contact` varchar(20) COLLATE utf8mb4_unicode_ci NOT NULL,
  `cnic` varchar(30) COLLATE utf8mb4_unicode_ci NOT NULL,
  `address` text COLLATE utf8mb4_unicode_ci NOT NULL,
  `hall_id` int(11) NOT NULL,
  `user_id` int(11) NOT NULL,
  `add_date` date NOT NULL DEFAULT current_timestamp()
) ENGINE=InnoDB DEFAULT CHARSET=utf8mb4 COLLATE=utf8mb4_unicode_ci;

--
-- Dumping data for table `venders`
--

INSERT INTO `venders` (`id`, `vender_no`, `name`, `description`, `contact`, `cnic`, `address`, `hall_id`, `user_id`, `add_date`) VALUES
(5, 'V-4551-2021', 'mohsin', 'ddddd', '03412725048', '42101-8194892-7', 'north', 2, 8, '2021-06-11'),
(6, 'V-5128-2021', 'hasnain', 'desc is here\r\n', '33333', '4594-90392-49', 'address is here', 2, 8, '2021-06-11');

-- --------------------------------------------------------

--
-- Table structure for table `vender_img`
--

CREATE TABLE `vender_img` (
  `id` int(11) NOT NULL,
  `vender_id` int(11) NOT NULL,
  `img_name` varchar(255) COLLATE utf8mb4_unicode_ci NOT NULL,
  `img_desc` varchar(255) COLLATE utf8mb4_unicode_ci NOT NULL,
  `img_status` varchar(20) COLLATE utf8mb4_unicode_ci NOT NULL,
  `img_createtime` timestamp NOT NULL DEFAULT current_timestamp()
) ENGINE=InnoDB DEFAULT CHARSET=utf8mb4 COLLATE=utf8mb4_unicode_ci;

--
-- Dumping data for table `vender_img`
--

INSERT INTO `vender_img` (`id`, `vender_id`, `img_name`, `img_desc`, `img_status`, `img_createtime`) VALUES
(4, 5, 'WhatsApp Image 2021-06-09 at 1.24.31 PM.jpeg', 'reciept 1\r\n', '', '2021-06-15 07:51:10'),
(5, 5, 'WhatsApp Image 2021-06-09 at 1.24.32 PM.jpeg', 'reciept 2', '', '2021-06-15 07:51:44');

-- --------------------------------------------------------

--
-- Table structure for table `vender_ledger`
--

CREATE TABLE `vender_ledger` (
  `id` int(11) NOT NULL,
  `type` int(5) NOT NULL,
  `amount` int(11) NOT NULL,
  `description` text COLLATE utf8mb4_unicode_ci NOT NULL,
  `ledger_date` date DEFAULT current_timestamp(),
  `vender_id` int(11) NOT NULL,
  `hall_id` int(11) NOT NULL,
  `user_id` int(11) NOT NULL
) ENGINE=InnoDB DEFAULT CHARSET=utf8mb4 COLLATE=utf8mb4_unicode_ci;

--
-- Dumping data for table `vender_ledger`
--

INSERT INTO `vender_ledger` (`id`, `type`, `amount`, `description`, `ledger_date`, `vender_id`, `hall_id`, `user_id`) VALUES
(1, 2, 3500, 'purchase chairs\r\n', '2021-06-11', 2, 2, 8),
(2, 1, 1600, 'cash recieved', '2021-06-11', 2, 2, 8),
(3, 1, 4000, 'cheque recived\r\n', '2021-06-11', 2, 2, 8),
(4, 2, 40000, 'chair', '2021-06-11', 5, 2, 8),
(5, 1, 20000, 'cash recieved', '2021-06-11', 5, 2, 8),
(6, 1, 10000, 'cash recieved', '2021-06-11', 5, 2, 8),
(7, 2, 5000, 'more 10 chairs\r\n', '2021-06-11', 5, 2, 8),
(8, 1, 15000, 'cash recieved\r\n', '2021-06-11', 5, 2, 8),
(9, 1, 1000, 'recideved advance', '2021-06-11', 5, 2, 8),
(10, 2, 1000, 'paid\r\n', '2021-06-11', 5, 2, 8),
(11, 2, 3000, 'paid', '2021-06-11', 5, 2, 8),
(12, 1, 25000000, 'flowers', '2021-06-15', 6, 2, 9);

--
-- Indexes for dumped tables
--

--
-- Indexes for table `attendance`
--
ALTER TABLE `attendance`
  ADD PRIMARY KEY (`id`),
  ADD KEY `employee_id` (`employee_id`),
  ADD KEY `hallid` (`hallid`),
  ADD KEY `userid` (`userid`);

--
-- Indexes for table `booked_packages`
--
ALTER TABLE `booked_packages`
  ADD PRIMARY KEY (`id`),
  ADD KEY `hall_code` (`hall_code`),
  ADD KEY `userCode` (`userCode`),
  ADD KEY `booking_id` (`booking_id`),
  ADD KEY `pkg_id` (`pkg_id`);

--
-- Indexes for table `bookingpay`
--
ALTER TABLE `bookingpay`
  ADD PRIMARY KEY (`Payid`),
  ADD KEY `userCode` (`userCode`),
  ADD KEY `booking_no` (`booking_no`),
  ADD KEY `Payid` (`Payid`,`booking_no`,`userCode`),
  ADD KEY `hallCode` (`hallCode`);

--
-- Indexes for table `bookings`
--
ALTER TABLE `bookings`
  ADD PRIMARY KEY (`booking_id`),
  ADD KEY `hall_code` (`hall_code`),
  ADD KEY `booking_id` (`booking_id`,`bookingDate`,`eventDate`),
  ADD KEY `userCode` (`userCode`,`hall_code`);

--
-- Indexes for table `bookingtarget`
--
ALTER TABLE `bookingtarget`
  ADD PRIMARY KEY (`BTid`),
  ADD KEY `hall_code` (`hall_code`),
  ADD KEY `BTid` (`BTid`,`target_date`),
  ADD KEY `owner_id` (`owner_id`,`hall_code`);

--
-- Indexes for table `cashin`
--
ALTER TABLE `cashin`
  ADD PRIMARY KEY (`id`),
  ADD KEY `hall_id` (`hall_id`);

--
-- Indexes for table `cashout`
--
ALTER TABLE `cashout`
  ADD PRIMARY KEY (`id`),
  ADD KEY `userid` (`userid`),
  ADD KEY `hallid` (`hallid`);

--
-- Indexes for table `cashout_img`
--
ALTER TABLE `cashout_img`
  ADD PRIMARY KEY (`id`),
  ADD KEY `recept_no` (`recept_no`);

--
-- Indexes for table `department`
--
ALTER TABLE `department`
  ADD PRIMARY KEY (`id`),
  ADD KEY `hallid` (`hallid`);

--
-- Indexes for table `employee`
--
ALTER TABLE `employee`
  ADD PRIMARY KEY (`id`),
  ADD KEY `department_id` (`department_id`),
  ADD KEY `position_id` (`position_id`),
  ADD KEY `hallid` (`hallid`),
  ADD KEY `userid` (`userid`);

--
-- Indexes for table `halls`
--
ALTER TABLE `halls`
  ADD PRIMARY KEY (`id`),
  ADD KEY `id` (`id`,`hall_name`);

--
-- Indexes for table `inquery`
--
ALTER TABLE `inquery`
  ADD PRIMARY KEY (`iquery_id`),
  ADD KEY `hall_Id` (`hall_code`),
  ADD KEY `userCode` (`userCode`);

--
-- Indexes for table `maintenanace_img`
--
ALTER TABLE `maintenanace_img`
  ADD PRIMARY KEY (`id`),
  ADD KEY `recept_no` (`recept_no`);

--
-- Indexes for table `maintenance`
--
ALTER TABLE `maintenance`
  ADD PRIMARY KEY (`id`),
  ADD KEY `userid` (`userid`),
  ADD KEY `hallid` (`hallid`);

--
-- Indexes for table `packages`
--
ALTER TABLE `packages`
  ADD PRIMARY KEY (`packages_id`),
  ADD KEY `hall_id` (`hall_id`),
  ADD KEY `userCode` (`userCode`);

--
-- Indexes for table `payroll`
--
ALTER TABLE `payroll`
  ADD PRIMARY KEY (`id`),
  ADD KEY `hallid` (`hallid`),
  ADD KEY `userid` (`userid`);

--
-- Indexes for table `payroll_items`
--
ALTER TABLE `payroll_items`
  ADD PRIMARY KEY (`id`),
  ADD KEY `employee_id` (`employee_id`),
  ADD KEY `payroll_id` (`payroll_id`),
  ADD KEY `hallid` (`hallid`);

--
-- Indexes for table `position`
--
ALTER TABLE `position`
  ADD PRIMARY KEY (`id`),
  ADD KEY `department_id` (`department_id`),
  ADD KEY `hallid` (`hallid`);

--
-- Indexes for table `procurement`
--
ALTER TABLE `procurement`
  ADD PRIMARY KEY (`id`),
  ADD KEY `hallid` (`hallid`),
  ADD KEY `userid` (`userid`);

--
-- Indexes for table `procurement_img`
--
ALTER TABLE `procurement_img`
  ADD PRIMARY KEY (`id`),
  ADD KEY `recept_no` (`recept_no`);

--
-- Indexes for table `userrelation`
--
ALTER TABLE `userrelation`
  ADD PRIMARY KEY (`id`),
  ADD KEY `hall_id` (`hall_id`),
  ADD KEY `user_id` (`user_id`);

--
-- Indexes for table `users`
--
ALTER TABLE `users`
  ADD PRIMARY KEY (`id`),
  ADD KEY `id` (`id`,`username`,`type`);

--
-- Indexes for table `utilities`
--
ALTER TABLE `utilities`
  ADD PRIMARY KEY (`id`),
  ADD KEY `userid` (`userid`),
  ADD KEY `hallid` (`hallid`);

--
-- Indexes for table `utility_img`
--
ALTER TABLE `utility_img`
  ADD PRIMARY KEY (`id`),
  ADD KEY `recept_no` (`recept_no`);

--
-- Indexes for table `venders`
--
ALTER TABLE `venders`
  ADD PRIMARY KEY (`id`);

--
-- Indexes for table `vender_img`
--
ALTER TABLE `vender_img`
  ADD PRIMARY KEY (`id`);

--
-- Indexes for table `vender_ledger`
--
ALTER TABLE `vender_ledger`
  ADD PRIMARY KEY (`id`);

--
-- AUTO_INCREMENT for dumped tables
--

--
-- AUTO_INCREMENT for table `attendance`
--
ALTER TABLE `attendance`
  MODIFY `id` int(11) NOT NULL AUTO_INCREMENT, AUTO_INCREMENT=36;

--
-- AUTO_INCREMENT for table `booked_packages`
--
ALTER TABLE `booked_packages`
  MODIFY `id` int(10) NOT NULL AUTO_INCREMENT, AUTO_INCREMENT=40;

--
-- AUTO_INCREMENT for table `bookingpay`
--
ALTER TABLE `bookingpay`
  MODIFY `Payid` int(11) NOT NULL AUTO_INCREMENT, AUTO_INCREMENT=2;

--
-- AUTO_INCREMENT for table `bookings`
--
ALTER TABLE `bookings`
  MODIFY `booking_id` int(11) NOT NULL AUTO_INCREMENT, AUTO_INCREMENT=57;

--
-- AUTO_INCREMENT for table `bookingtarget`
--
ALTER TABLE `bookingtarget`
  MODIFY `BTid` int(11) NOT NULL AUTO_INCREMENT, AUTO_INCREMENT=1003;

--
-- AUTO_INCREMENT for table `cashin`
--
ALTER TABLE `cashin`
  MODIFY `id` int(11) NOT NULL AUTO_INCREMENT, AUTO_INCREMENT=29;

--
-- AUTO_INCREMENT for table `cashout`
--
ALTER TABLE `cashout`
  MODIFY `id` int(11) NOT NULL AUTO_INCREMENT, AUTO_INCREMENT=23;

--
-- AUTO_INCREMENT for table `cashout_img`
--
ALTER TABLE `cashout_img`
  MODIFY `id` int(11) NOT NULL AUTO_INCREMENT;

--
-- AUTO_INCREMENT for table `department`
--
ALTER TABLE `department`
  MODIFY `id` int(30) NOT NULL AUTO_INCREMENT, AUTO_INCREMENT=9;

--
-- AUTO_INCREMENT for table `employee`
--
ALTER TABLE `employee`
  MODIFY `id` int(20) NOT NULL AUTO_INCREMENT, AUTO_INCREMENT=16;

--
-- AUTO_INCREMENT for table `halls`
--
ALTER TABLE `halls`
  MODIFY `id` int(11) NOT NULL AUTO_INCREMENT, AUTO_INCREMENT=4;

--
-- AUTO_INCREMENT for table `inquery`
--
ALTER TABLE `inquery`
  MODIFY `iquery_id` int(11) NOT NULL AUTO_INCREMENT, AUTO_INCREMENT=41;

--
-- AUTO_INCREMENT for table `maintenanace_img`
--
ALTER TABLE `maintenanace_img`
  MODIFY `id` int(11) NOT NULL AUTO_INCREMENT;

--
-- AUTO_INCREMENT for table `maintenance`
--
ALTER TABLE `maintenance`
  MODIFY `id` int(11) NOT NULL AUTO_INCREMENT, AUTO_INCREMENT=3;

--
-- AUTO_INCREMENT for table `packages`
--
ALTER TABLE `packages`
  MODIFY `packages_id` int(11) NOT NULL AUTO_INCREMENT, AUTO_INCREMENT=22;

--
-- AUTO_INCREMENT for table `payroll`
--
ALTER TABLE `payroll`
  MODIFY `id` int(30) NOT NULL AUTO_INCREMENT, AUTO_INCREMENT=5;

--
-- AUTO_INCREMENT for table `payroll_items`
--
ALTER TABLE `payroll_items`
  MODIFY `id` int(30) NOT NULL AUTO_INCREMENT, AUTO_INCREMENT=18;

--
-- AUTO_INCREMENT for table `position`
--
ALTER TABLE `position`
  MODIFY `id` int(30) NOT NULL AUTO_INCREMENT, AUTO_INCREMENT=13;

--
-- AUTO_INCREMENT for table `procurement`
--
ALTER TABLE `procurement`
  MODIFY `id` int(11) NOT NULL AUTO_INCREMENT, AUTO_INCREMENT=5;

--
-- AUTO_INCREMENT for table `procurement_img`
--
ALTER TABLE `procurement_img`
  MODIFY `id` int(11) NOT NULL AUTO_INCREMENT, AUTO_INCREMENT=8;

--
-- AUTO_INCREMENT for table `userrelation`
--
ALTER TABLE `userrelation`
  MODIFY `id` int(11) NOT NULL AUTO_INCREMENT, AUTO_INCREMENT=10;

--
-- AUTO_INCREMENT for table `users`
--
ALTER TABLE `users`
  MODIFY `id` int(11) NOT NULL AUTO_INCREMENT, AUTO_INCREMENT=10;

--
-- AUTO_INCREMENT for table `utilities`
--
ALTER TABLE `utilities`
  MODIFY `id` int(11) NOT NULL AUTO_INCREMENT, AUTO_INCREMENT=6;

--
-- AUTO_INCREMENT for table `utility_img`
--
ALTER TABLE `utility_img`
  MODIFY `id` int(11) NOT NULL AUTO_INCREMENT, AUTO_INCREMENT=2;

--
-- AUTO_INCREMENT for table `venders`
--
ALTER TABLE `venders`
  MODIFY `id` int(11) NOT NULL AUTO_INCREMENT, AUTO_INCREMENT=7;

--
-- AUTO_INCREMENT for table `vender_img`
--
ALTER TABLE `vender_img`
  MODIFY `id` int(11) NOT NULL AUTO_INCREMENT, AUTO_INCREMENT=6;

--
-- AUTO_INCREMENT for table `vender_ledger`
--
ALTER TABLE `vender_ledger`
  MODIFY `id` int(11) NOT NULL AUTO_INCREMENT, AUTO_INCREMENT=13;

--
-- Constraints for dumped tables
--

--
-- Constraints for table `attendance`
--
ALTER TABLE `attendance`
  ADD CONSTRAINT `attendance_ibfk_1` FOREIGN KEY (`employee_id`) REFERENCES `employee` (`id`),
  ADD CONSTRAINT `attendance_ibfk_2` FOREIGN KEY (`hallid`) REFERENCES `halls` (`id`),
  ADD CONSTRAINT `attendance_ibfk_3` FOREIGN KEY (`hallid`) REFERENCES `halls` (`id`),
  ADD CONSTRAINT `attendance_ibfk_4` FOREIGN KEY (`userid`) REFERENCES `users` (`id`);

--
-- Constraints for table `booked_packages`
--
ALTER TABLE `booked_packages`
  ADD CONSTRAINT `booked_packages_ibfk_1` FOREIGN KEY (`hall_code`) REFERENCES `halls` (`id`),
  ADD CONSTRAINT `booked_packages_ibfk_2` FOREIGN KEY (`userCode`) REFERENCES `users` (`id`),
  ADD CONSTRAINT `booked_packages_ibfk_3` FOREIGN KEY (`booking_id`) REFERENCES `bookings` (`booking_id`),
  ADD CONSTRAINT `booked_packages_ibfk_4` FOREIGN KEY (`pkg_id`) REFERENCES `packages` (`packages_id`);

--
-- Constraints for table `bookingpay`
--
ALTER TABLE `bookingpay`
  ADD CONSTRAINT `bookingpay_ibfk_1` FOREIGN KEY (`userCode`) REFERENCES `users` (`id`),
  ADD CONSTRAINT `bookingpay_ibfk_2` FOREIGN KEY (`booking_no`) REFERENCES `bookings` (`booking_id`),
  ADD CONSTRAINT `bookingpay_ibfk_3` FOREIGN KEY (`hallCode`) REFERENCES `halls` (`id`);

--
-- Constraints for table `bookings`
--
ALTER TABLE `bookings`
  ADD CONSTRAINT `bookings_ibfk_1` FOREIGN KEY (`userCode`) REFERENCES `users` (`id`),
  ADD CONSTRAINT `bookings_ibfk_2` FOREIGN KEY (`hall_code`) REFERENCES `halls` (`id`);

--
-- Constraints for table `bookingtarget`
--
ALTER TABLE `bookingtarget`
  ADD CONSTRAINT `bookingtarget_ibfk_1` FOREIGN KEY (`hall_code`) REFERENCES `halls` (`id`),
  ADD CONSTRAINT `bookingtarget_ibfk_2` FOREIGN KEY (`owner_id`) REFERENCES `users` (`id`);

--
-- Constraints for table `cashin`
--
ALTER TABLE `cashin`
  ADD CONSTRAINT `cashin_ibfk_1` FOREIGN KEY (`hall_id`) REFERENCES `halls` (`id`);

--
-- Constraints for table `cashout`
--
ALTER TABLE `cashout`
  ADD CONSTRAINT `cashout_ibfk_1` FOREIGN KEY (`userid`) REFERENCES `users` (`id`),
  ADD CONSTRAINT `cashout_ibfk_2` FOREIGN KEY (`hallid`) REFERENCES `halls` (`id`);

--
-- Constraints for table `cashout_img`
--
ALTER TABLE `cashout_img`
  ADD CONSTRAINT `cashout_img_ibfk_1` FOREIGN KEY (`recept_no`) REFERENCES `cashout` (`id`);

--
-- Constraints for table `department`
--
ALTER TABLE `department`
  ADD CONSTRAINT `department_ibfk_1` FOREIGN KEY (`hallid`) REFERENCES `halls` (`id`);

--
-- Constraints for table `employee`
--
ALTER TABLE `employee`
  ADD CONSTRAINT `employee_ibfk_1` FOREIGN KEY (`department_id`) REFERENCES `department` (`id`),
  ADD CONSTRAINT `employee_ibfk_2` FOREIGN KEY (`department_id`) REFERENCES `department` (`id`),
  ADD CONSTRAINT `employee_ibfk_3` FOREIGN KEY (`position_id`) REFERENCES `position` (`id`),
  ADD CONSTRAINT `employee_ibfk_4` FOREIGN KEY (`hallid`) REFERENCES `halls` (`id`),
  ADD CONSTRAINT `employee_ibfk_5` FOREIGN KEY (`userid`) REFERENCES `users` (`id`);

--
-- Constraints for table `inquery`
--
ALTER TABLE `inquery`
  ADD CONSTRAINT `hall_Id` FOREIGN KEY (`hall_code`) REFERENCES `halls` (`id`),
  ADD CONSTRAINT `inquery_ibfk_1` FOREIGN KEY (`userCode`) REFERENCES `users` (`id`);

--
-- Constraints for table `maintenanace_img`
--
ALTER TABLE `maintenanace_img`
  ADD CONSTRAINT `maintenanace_img_ibfk_1` FOREIGN KEY (`recept_no`) REFERENCES `maintenance` (`id`);

--
-- Constraints for table `maintenance`
--
ALTER TABLE `maintenance`
  ADD CONSTRAINT `maintenance_ibfk_1` FOREIGN KEY (`userid`) REFERENCES `users` (`id`),
  ADD CONSTRAINT `maintenance_ibfk_2` FOREIGN KEY (`hallid`) REFERENCES `halls` (`id`);

--
-- Constraints for table `packages`
--
ALTER TABLE `packages`
  ADD CONSTRAINT `packages_ibfk_1` FOREIGN KEY (`hall_id`) REFERENCES `halls` (`id`),
  ADD CONSTRAINT `packages_ibfk_2` FOREIGN KEY (`userCode`) REFERENCES `users` (`id`);

--
-- Constraints for table `payroll`
--
ALTER TABLE `payroll`
  ADD CONSTRAINT `payroll_ibfk_1` FOREIGN KEY (`hallid`) REFERENCES `halls` (`id`),
  ADD CONSTRAINT `payroll_ibfk_2` FOREIGN KEY (`userid`) REFERENCES `users` (`id`);

--
-- Constraints for table `payroll_items`
--
ALTER TABLE `payroll_items`
  ADD CONSTRAINT `payroll_items_ibfk_1` FOREIGN KEY (`employee_id`) REFERENCES `employee` (`id`),
  ADD CONSTRAINT `payroll_items_ibfk_2` FOREIGN KEY (`payroll_id`) REFERENCES `payroll` (`id`),
  ADD CONSTRAINT `payroll_items_ibfk_3` FOREIGN KEY (`hallid`) REFERENCES `halls` (`id`);

--
-- Constraints for table `position`
--
ALTER TABLE `position`
  ADD CONSTRAINT `position_ibfk_1` FOREIGN KEY (`department_id`) REFERENCES `department` (`id`),
  ADD CONSTRAINT `position_ibfk_2` FOREIGN KEY (`hallid`) REFERENCES `halls` (`id`);

--
-- Constraints for table `procurement`
--
ALTER TABLE `procurement`
  ADD CONSTRAINT `procurement_ibfk_1` FOREIGN KEY (`hallid`) REFERENCES `halls` (`id`),
  ADD CONSTRAINT `procurement_ibfk_2` FOREIGN KEY (`userid`) REFERENCES `users` (`id`);

--
-- Constraints for table `procurement_img`
--
ALTER TABLE `procurement_img`
  ADD CONSTRAINT `procurement_img_ibfk_1` FOREIGN KEY (`recept_no`) REFERENCES `procurement` (`id`);

--
-- Constraints for table `userrelation`
--
ALTER TABLE `userrelation`
  ADD CONSTRAINT `userrelation_ibfk_1` FOREIGN KEY (`hall_id`) REFERENCES `halls` (`id`),
  ADD CONSTRAINT `userrelation_ibfk_2` FOREIGN KEY (`user_id`) REFERENCES `users` (`id`);

--
-- Constraints for table `utilities`
--
ALTER TABLE `utilities`
  ADD CONSTRAINT `utilities_ibfk_1` FOREIGN KEY (`userid`) REFERENCES `users` (`id`),
  ADD CONSTRAINT `utilities_ibfk_2` FOREIGN KEY (`hallid`) REFERENCES `halls` (`id`);

--
-- Constraints for table `utility_img`
--
ALTER TABLE `utility_img`
  ADD CONSTRAINT `utility_img_ibfk_1` FOREIGN KEY (`recept_no`) REFERENCES `utilities` (`id`);
COMMIT;

/*!40101 SET CHARACTER_SET_CLIENT=@OLD_CHARACTER_SET_CLIENT */;
/*!40101 SET CHARACTER_SET_RESULTS=@OLD_CHARACTER_SET_RESULTS */;
/*!40101 SET COLLATION_CONNECTION=@OLD_COLLATION_CONNECTION */;
